Age,Gender,MonthlyIncome,WebsiteVisits,PagesViewed,TimeSpentMinutes,PreviousPurchases,CartItems,DiscountUsed,DeviceType,Membership,CustomerRating,PurchaseAmount,Purchased
56,Male,98309.0,22,11,8,5,7,No,Mobile,Basic,3.8,1047.33,1
46,Male,141446.0,12,11,8,7,3,No,Mobile,Basic,4.8,9154.39,1
32,Female,121661.0,2,16,59,10,6,No,Desktop,Premium,2.6,1001.26,1
60,Male,21154.0,24,2,26,12,1,No,Desktop,Premium,3.6,6517.27,0
25,Female,79288.0,2,2,47,5,1,No,Mobile,Basic,2.9,4190.63,0
38,Female,66195.0,27,8,59,9,5,No,Desktop,Premium,3.5,4115.63,1
56,Male,35581.0,23,13,13,15,1,Yes,Desktop,Premium,2.8,6827.56,1
36,Male,45087.0,9,10,39,2,5,No,Desktop,Basic,1.8,764.23,0
40,Male,84298.0,1,8,37,3,10,No,Desktop,Basic,3.0,5977.69,0
28,Female,61167.0,8,4,49,13,1,Yes,Desktop,Premium,3.1,7743.11,1
28,Male,54499.0,23,15,28,2,3,Yes,Desktop,Gold,4.2,8299.31,1
41,Female,140816.0,6,1,25,0,6,Yes,Tablet,Basic,3.9,1788.25,0
53,Female,111347.0,6,11,16,14,7,Yes,Mobile,Basic,3.7,8984.45,1
57,Female,63787.0,22,7,55,9,2,No,Desktop,Basic,1.5,6595.85,1
41,Male,50488.0,25,17,2,4,8,No,Mobile,Premium,3.9,8830.36,0
20,Male,89441.0,18,20,54,14,1,No,Tablet,Basic,3.0,4904.28,1
39,Female,37431.0,17,18,18,0,7,No,Desktop,Basic,4.6,5466.13,0
19,Male,76681.0,29,12,17,0,7,Yes,Mobile,Premium,4.7,9198.48,0
41,Male,137720.0,12,9,30,1,3,No,Desktop,Premium,,9009.1,0
47,Male,,6,5,39,12,0,No,Desktop,Basic,4.3,4536.79,0
55,Female,21368.0,26,10,13,3,0,Yes,Desktop,Basic,1.2,2816.69,0
19,Female,127360.0,27,4,32,5,1,No,Desktop,Premium,2.5,3992.39,0
38,Male,127755.0,8,5,50,7,8,No,Desktop,Basic,3.2,3938.87,0
50,Female,71985.0,19,10,29,12,1,No,Desktop,Basic,1.6,2939.98,0
29,Male,65069.0,28,11,46,15,1,No,Desktop,Gold,,2758.94,1
39,Male,67326.0,10,10,30,2,5,Yes,Tablet,Basic,1.0,8624.52,0
42,Male,123737.0,1,8,18,0,6,Yes,Tablet,Premium,,791.63,0
44,Male,65861.0,25,2,13,2,6,Yes,Desktop,Gold,3.3,6808.35,0
59,Female,90897.0,29,8,43,11,8,Yes,Desktop,Basic,3.9,1810.92,1
45,Female,142118.0,13,16,21,2,5,Yes,Tablet,Basic,4.7,3510.61,1
33,Female,83577.0,17,5,30,4,7,No,Tablet,Premium,3.8,709.28,1
32,Male,24078.0,3,3,21,10,10,No,Tablet,Gold,3.7,2772.74,0
20,Male,77768.0,8,12,48,11,5,Yes,Desktop,Gold,2.6,7707.37,0
54,Male,,14,13,55,11,1,Yes,Mobile,Premium,1.0,8861.65,0
24,Female,86626.0,3,13,17,3,0,Yes,Mobile,Basic,1.5,2293.12,0
38,Male,72660.0,16,10,40,12,4,No,Mobile,Premium,3.1,4689.12,0
26,Female,147997.0,13,4,19,3,8,Yes,Mobile,Basic,3.7,4756.21,0
56,Female,132832.0,20,9,52,8,7,No,Desktop,Basic,2.7,8748.4,1
35,Female,145406.0,24,2,15,6,3,No,Mobile,Basic,3.9,7651.71,0
21,Female,140150.0,17,19,9,3,4,No,Tablet,Basic,3.1,5179.46,0
42,Female,48320.0,13,1,52,2,4,No,Tablet,Premium,1.3,6740.4,0
31,Female,79881.0,29,7,10,5,5,Yes,Mobile,Basic,1.8,8488.82,0
26,Male,105827.0,6,17,44,2,2,No,Tablet,Basic,4.4,194.44,0
43,Male,117215.0,17,3,31,5,4,No,Desktop,Basic,3.9,4088.61,0
19,Female,149461.0,14,20,53,10,1,Yes,Mobile,Gold,4.6,9081.71,1
37,Female,76550.0,17,20,23,12,9,No,Mobile,Premium,1.5,7429.1,1
45,Male,39826.0,30,3,52,10,0,No,Desktop,Basic,5.0,5474.13,0
24,Female,115734.0,8,3,30,12,10,No,Tablet,Basic,1.8,5343.48,1
25,Female,113511.0,11,17,33,12,0,Yes,Desktop,Basic,1.0,3542.92,1
52,Male,26653.0,20,7,57,11,9,No,Desktop,Gold,5.0,5253.15,1
31,Female,96941.0,28,14,52,8,6,No,Tablet,Premium,2.1,6588.29,1
34,Female,48662.0,1,17,9,5,1,Yes,Desktop,Premium,3.7,4241.79,0
53,Female,113818.0,26,18,54,11,3,Yes,Tablet,Premium,1.7,7170.12,1
57,Male,110081.0,7,13,47,3,4,No,Tablet,Basic,3.3,8626.2,1
21,Male,51877.0,21,20,1,14,6,No,Desktop,Gold,4.6,1631.38,1
19,Male,126562.0,21,20,44,4,1,Yes,Tablet,Premium,2.3,4570.32,1
23,Female,87715.0,17,18,35,12,5,No,Desktop,Basic,3.7,4139.4,1
59,Female,125091.0,30,4,11,5,0,Yes,Tablet,Basic,1.8,6905.9,0
21,Male,147632.0,10,1,34,10,6,No,Mobile,Premium,3.5,2573.69,1
46,Female,94148.0,11,18,16,2,8,Yes,Tablet,Gold,2.3,6438.48,0
35,Female,98186.0,22,1,9,7,4,No,Tablet,Basic,1.8,8787.14,0
43,Female,138629.0,30,13,32,3,4,Yes,Desktop,Gold,2.3,4239.5,1
51,Female,85316.0,9,20,15,7,3,Yes,Tablet,Premium,1.7,9119.06,1
27,Female,43380.0,9,20,12,9,2,Yes,Mobile,Basic,4.6,9932.32,0
53,Male,125198.0,24,10,33,9,8,Yes,Mobile,Basic,2.6,1150.31,1
31,Female,17356.0,5,11,45,15,4,Yes,Tablet,Basic,2.0,2407.23,0
48,Male,85326.0,17,9,14,2,7,No,Tablet,Premium,2.8,9508.76,0
32,Female,107447.0,9,9,57,9,8,No,Mobile,Basic,2.3,9587.44,1
25,Male,129994.0,17,5,57,6,4,Yes,Desktop,Basic,4.0,1067.3,0
31,Female,35049.0,24,1,8,10,9,No,Mobile,Premium,4.9,248.49,1
40,Male,120361.0,21,17,8,12,8,No,Mobile,Premium,2.8,1694.89,1
57,Female,31082.0,19,2,27,11,1,No,Tablet,Basic,,9960.53,0
38,Male,15661.0,27,13,12,8,8,No,Tablet,Basic,3.3,1882.0,1
33,Female,17920.0,7,9,1,3,10,No,Mobile,Basic,1.6,5075.22,0
35,Male,94561.0,23,4,43,7,3,No,Desktop,Premium,3.8,8499.34,0
41,Female,23946.0,9,5,40,2,5,Yes,Mobile,Gold,3.1,301.98,0
43,Male,31309.0,7,11,42,15,5,No,Mobile,Basic,3.6,6084.44,1
42,Male,70230.0,13,19,51,6,5,No,Desktop,Gold,4.6,2842.55,0
58,Female,126822.0,11,3,11,2,1,No,Mobile,Premium,2.8,8637.12,0
46,Female,127340.0,14,12,39,11,6,Yes,Mobile,Premium,4.6,2906.27,1
32,Male,74321.0,19,19,43,14,5,No,Tablet,Premium,4.0,6898.88,1
18,Female,147028.0,11,19,31,14,10,No,Desktop,Basic,3.0,6774.77,1
42,Male,89131.0,13,13,17,6,0,No,Tablet,Basic,3.4,2292.79,0
24,Male,40963.0,14,7,33,13,1,Yes,Tablet,Premium,2.3,444.51,0
26,Male,116757.0,13,15,32,10,6,No,Desktop,Premium,4.9,4151.57,1
41,Female,114259.0,1,7,58,9,0,Yes,Desktop,Premium,3.7,2963.01,0
18,Male,54063.0,8,8,29,9,0,No,Mobile,Basic,1.2,8108.88,0
25,Male,129225.0,12,5,21,10,0,Yes,Tablet,Gold,2.3,8023.61,0
41,Female,131400.0,19,14,21,10,7,Yes,Desktop,Premium,3.5,4624.54,1
28,Female,95818.0,12,4,40,5,3,Yes,Tablet,Basic,1.2,6104.47,0
34,Female,19703.0,8,10,23,1,3,No,Tablet,Basic,1.1,6082.17,0
25,Female,87099.0,8,20,56,10,1,Yes,Desktop,Premium,2.8,8288.87,0
52,Male,46585.0,29,15,6,2,10,Yes,Mobile,Premium,2.3,4307.52,1
52,Male,58585.0,21,18,22,15,10,Yes,Tablet,Basic,2.8,2826.92,1
50,Male,41958.0,13,20,50,5,10,Yes,Desktop,Gold,2.1,2723.85,1
22,Male,41017.0,12,13,38,13,0,No,Mobile,Basic,1.7,5408.3,0
59,Female,139677.0,29,8,37,3,9,No,Tablet,Basic,3.8,4546.57,1
56,Male,44426.0,16,9,45,5,8,No,Desktop,Gold,3.1,4457.2,0
58,Male,32778.0,1,16,51,0,6,No,Tablet,Gold,1.8,1002.26,0
45,Female,57229.0,13,19,54,9,3,Yes,Desktop,Premium,2.3,7214.18,1
24,Male,101652.0,26,16,8,11,5,No,Desktop,Gold,3.4,2215.99,0
26,Male,143267.0,7,7,41,0,1,Yes,Tablet,Basic,1.3,2049.84,0
25,Male,141503.0,28,14,49,2,6,No,Tablet,Gold,1.6,4186.31,1
29,Male,99878.0,26,14,35,7,1,No,Desktop,Basic,1.3,2355.01,0
51,Male,72056.0,5,4,51,7,9,No,Mobile,Basic,4.2,5880.2,1
50,Male,34975.0,8,15,11,10,7,Yes,Tablet,Basic,4.0,3777.49,1
40,Female,103397.0,25,3,24,3,7,No,Desktop,Basic,4.0,4544.23,0
41,Female,48142.0,27,5,49,5,0,No,Desktop,Basic,3.9,5417.98,0
54,Male,41916.0,14,1,21,14,7,No,Mobile,Basic,3.7,2115.0,1
52,Male,79324.0,23,3,51,7,1,Yes,Mobile,Basic,2.9,1641.94,0
57,Female,140932.0,30,15,2,6,5,No,Mobile,Basic,3.6,8816.18,1
39,Male,111059.0,13,8,40,10,0,No,Tablet,Premium,1.2,4393.86,1
44,Male,113317.0,15,4,19,6,4,Yes,Desktop,Basic,3.5,4179.73,0
52,Male,50046.0,23,2,39,12,10,Yes,Desktop,Basic,4.1,452.56,1
18,Female,116459.0,17,10,28,3,6,No,Desktop,Premium,3.0,5029.97,0
52,Male,60893.0,15,4,59,8,9,No,Mobile,Gold,2.4,5586.28,0
54,Female,116520.0,20,3,17,11,0,No,Desktop,Premium,2.1,5632.52,0
31,Male,140818.0,18,2,6,9,1,Yes,Tablet,Basic,3.6,7099.61,0
20,Female,76272.0,18,17,19,5,6,Yes,Mobile,Premium,3.8,1857.07,0
18,Female,82649.0,2,20,56,13,5,Yes,Mobile,Basic,4.5,2597.01,1
22,Male,79674.0,4,13,38,11,2,No,Mobile,Basic,2.4,8126.23,0
43,Female,,30,5,28,10,9,Yes,Mobile,Basic,4.1,9476.99,1
31,Male,76367.0,1,9,2,2,1,No,Tablet,Gold,,1445.73,0
56,Female,136750.0,4,6,38,4,9,Yes,Desktop,Basic,4.5,5026.73,1
44,Male,133154.0,18,5,55,4,3,Yes,Tablet,Basic,3.1,2220.34,1
26,Male,59738.0,5,10,37,13,2,Yes,Desktop,Basic,,694.72,1
32,Female,48397.0,19,8,51,4,6,No,Tablet,Gold,3.3,3322.48,1
32,Male,97189.0,15,7,52,7,7,No,Mobile,Premium,4.0,1522.51,0
43,Male,91367.0,28,7,4,15,1,No,Mobile,Basic,4.9,7128.34,0
59,Female,135585.0,8,6,22,8,9,No,Tablet,Premium,1.3,5383.88,1
30,Male,91619.0,20,20,26,12,6,Yes,Tablet,Premium,1.2,1523.96,0
49,Male,126453.0,17,3,49,8,7,No,Desktop,Premium,4.8,191.49,1
56,Female,34816.0,1,19,43,12,5,Yes,Tablet,Basic,3.1,8100.75,0
49,Female,94530.0,12,15,36,5,5,No,Tablet,Gold,3.5,1844.32,1
21,Male,123856.0,26,4,58,5,9,No,Desktop,Basic,2.9,6101.54,1
47,Male,86635.0,19,12,13,8,0,Yes,Desktop,Premium,1.4,3435.53,0
54,Female,122803.0,15,6,52,3,3,Yes,Desktop,Basic,4.1,5896.31,0
40,Female,50946.0,9,19,58,5,0,No,Tablet,Basic,4.0,3224.97,0
56,Male,70204.0,7,4,32,3,3,No,Desktop,Basic,2.2,960.7,0
32,Female,30563.0,2,15,17,10,1,Yes,Mobile,Premium,2.2,2307.21,0
60,Male,107324.0,29,9,41,15,10,Yes,Mobile,Basic,4.4,1961.78,1
46,Male,24847.0,9,5,36,0,4,Yes,Mobile,Premium,1.3,4337.39,0
53,Male,41155.0,10,13,55,6,9,Yes,Tablet,Basic,4.5,6617.01,1
30,Male,94671.0,2,18,60,13,8,Yes,Mobile,Premium,2.0,2711.68,1
49,Male,131891.0,19,5,46,9,10,No,Tablet,Gold,3.4,219.49,1
24,Female,98310.0,11,16,19,10,9,No,Tablet,Premium,4.7,5237.48,1
39,Female,146691.0,13,19,58,11,2,No,Mobile,Premium,3.7,6097.02,1
45,Female,49707.0,10,14,60,5,7,No,Desktop,Premium,2.7,9632.42,1
19,Female,96537.0,14,16,35,8,2,Yes,Tablet,Basic,3.8,5935.76,0
59,Male,106155.0,18,15,46,6,5,Yes,Mobile,Gold,2.4,4764.61,1
23,Male,15281.0,19,4,40,12,3,Yes,Tablet,Basic,2.1,5776.68,0
45,Male,147130.0,22,7,56,6,7,No,Desktop,Premium,5.0,9286.22,1
45,Male,91260.0,9,16,59,1,10,Yes,Desktop,Premium,4.0,8300.94,1
37,Female,79178.0,25,8,28,11,5,Yes,Mobile,Basic,3.6,3297.49,1
47,Male,48997.0,7,17,1,10,7,No,Tablet,Basic,2.4,2448.82,1
28,Male,134273.0,28,16,42,14,0,No,Tablet,Basic,1.2,2700.07,1
45,Female,147311.0,3,10,18,8,5,No,Tablet,Gold,1.1,5093.77,0
42,Female,141945.0,20,10,48,9,0,Yes,Tablet,Gold,3.2,7466.09,1
56,Female,60272.0,6,2,40,8,0,Yes,Mobile,Premium,4.0,5081.87,0
50,Female,104393.0,27,9,33,5,7,No,Desktop,Premium,3.1,771.18,1
18,Male,76212.0,21,17,12,12,6,No,Mobile,Gold,4.4,7263.45,1
44,Male,135030.0,2,11,8,2,2,Yes,Tablet,Basic,1.1,8079.1,0
30,Female,71503.0,29,10,24,0,5,No,Tablet,Basic,2.5,2966.03,0
58,Male,21570.0,6,17,16,3,8,Yes,Desktop,Premium,,6674.84,0
20,Male,83785.0,3,4,50,13,6,No,Tablet,Gold,2.8,4323.26,0
56,Male,24110.0,16,16,4,13,2,No,Mobile,Gold,1.3,8902.28,0
23,Female,94141.0,30,20,38,2,5,No,Mobile,Basic,4.8,8467.73,1
25,Male,27115.0,8,15,44,13,10,Yes,Desktop,Basic,1.9,5301.78,1
44,Female,54062.0,2,5,27,11,3,Yes,Mobile,Basic,4.7,6945.9,0
26,Male,37911.0,17,6,9,0,2,No,Mobile,Basic,2.7,8845.16,0
54,Male,119061.0,9,17,47,2,8,Yes,Mobile,Basic,4.9,5007.6,1
50,Male,47556.0,30,1,16,15,9,No,Mobile,Premium,3.2,3201.18,0
59,Female,143335.0,12,19,56,13,1,No,Tablet,Basic,4.7,7561.29,1
41,Male,16969.0,3,4,12,13,0,Yes,Mobile,Gold,,2278.66,0
32,Female,58753.0,11,17,31,3,1,Yes,Desktop,Basic,4.0,3946.46,0
49,Female,136863.0,1,9,24,12,6,Yes,Desktop,Premium,4.6,8670.7,0
49,Female,25225.0,23,2,55,12,9,Yes,Mobile,Basic,1.6,7271.78,1
41,Male,138008.0,13,8,14,14,0,No,Desktop,Basic,1.4,4097.73,0
58,Male,120823.0,15,15,45,13,5,Yes,Mobile,Basic,2.7,2225.97,1
29,Male,28669.0,26,7,25,7,6,Yes,Desktop,Gold,4.7,3624.09,0
56,Male,139398.0,5,6,34,8,8,No,Desktop,Gold,,2912.63,0
19,Female,125677.0,21,1,3,2,7,No,Mobile,Basic,3.1,1843.28,1
20,Female,63320.0,30,15,58,5,5,No,Mobile,Basic,1.6,7459.0,1
54,Female,140354.0,17,7,24,9,2,No,Tablet,Gold,1.0,2595.49,0
34,Male,103009.0,25,17,54,10,7,Yes,Mobile,Basic,4.2,4596.26,1
19,Female,43625.0,23,2,42,14,6,Yes,Mobile,Basic,1.4,3920.01,1
19,Male,39089.0,24,9,9,4,2,No,Tablet,Premium,3.5,9822.57,0
45,Female,51487.0,25,9,26,15,8,No,Mobile,Gold,4.7,3971.81,1
40,Male,125448.0,6,13,20,5,1,Yes,Mobile,Basic,1.8,891.83,0
54,Male,65138.0,28,6,40,3,2,Yes,Tablet,Basic,3.7,989.27,0
49,Female,69061.0,21,6,10,9,1,Yes,Mobile,Gold,1.3,5948.46,0
50,Female,116376.0,22,20,19,5,0,Yes,Mobile,Basic,3.4,6033.7,0
18,Female,94134.0,11,20,3,15,3,Yes,Tablet,Basic,1.7,4245.71,1
36,Female,62055.0,18,3,24,6,4,No,Tablet,Premium,3.9,4375.25,0
19,Male,34508.0,4,17,5,8,5,No,Desktop,Gold,2.2,633.93,0
43,Female,125169.0,3,17,3,9,4,No,Mobile,Basic,2.9,5213.81,0
49,Female,23125.0,13,12,58,6,0,No,Desktop,Gold,3.4,5096.92,0
23,Female,51059.0,23,16,27,5,2,Yes,Desktop,Premium,1.7,1580.54,1
49,Male,118409.0,9,15,16,0,0,No,Tablet,Basic,4.0,1128.01,0
21,Male,20704.0,21,13,49,1,10,Yes,Mobile,Gold,2.2,1323.37,1
28,Female,126279.0,6,1,15,0,4,Yes,Mobile,Basic,3.6,1100.18,0
34,Male,133516.0,26,17,35,8,4,Yes,Tablet,Basic,1.6,6136.11,1
55,Female,129044.0,30,3,12,9,10,Yes,Desktop,Premium,3.8,2045.18,1
41,Male,44165.0,28,15,41,9,5,Yes,Tablet,Basic,1.5,2589.16,1
22,Male,82203.0,12,4,53,8,7,Yes,Mobile,Basic,2.7,1818.36,0
51,Male,19114.0,2,4,44,6,9,Yes,Tablet,Basic,2.0,9582.57,0
23,Male,51321.0,3,18,26,15,0,No,Mobile,Basic,4.0,8560.71,0
39,Female,88297.0,3,17,47,12,3,Yes,Desktop,Gold,2.0,2381.9,1
28,Female,111652.0,28,19,34,1,9,No,Mobile,Premium,4.5,3342.91,1
33,Female,114304.0,12,11,23,5,10,No,Desktop,Gold,4.6,2177.94,1
50,Male,32772.0,15,20,31,10,0,Yes,Desktop,Basic,1.8,4969.57,0
26,Female,118754.0,9,3,50,3,8,Yes,Mobile,Basic,3.5,294.14,0
23,Female,18712.0,23,8,20,0,10,No,Mobile,Basic,1.4,6746.54,1
33,Female,147439.0,8,14,12,0,6,No,Desktop,Basic,2.6,5279.27,0
46,Male,130142.0,11,1,23,11,6,No,Tablet,Basic,3.9,8996.53,1
20,Male,106736.0,16,14,4,4,4,No,Mobile,Premium,3.6,1727.49,1
37,Male,66924.0,26,2,23,11,6,Yes,Desktop,Gold,3.5,8060.68,1
53,Female,18726.0,27,4,48,1,1,Yes,Desktop,Gold,2.1,7940.41,0
36,Female,104152.0,25,19,55,3,3,Yes,Tablet,Basic,2.5,1359.09,1
43,Female,42723.0,22,6,48,0,6,No,Mobile,Gold,1.4,4045.74,1
20,Male,141969.0,4,1,1,3,2,Yes,Desktop,Basic,3.9,1784.51,0
36,Male,115494.0,28,17,54,10,1,No,Tablet,Basic,3.0,2621.73,1
37,Female,50643.0,1,8,25,5,9,Yes,Desktop,Gold,3.8,2706.14,0
49,Male,118896.0,24,19,2,9,1,No,Mobile,Premium,2.0,5606.74,1
24,Male,108680.0,7,1,30,3,0,Yes,Tablet,Basic,,4172.97,0
58,Male,111546.0,2,5,3,0,4,Yes,Desktop,Basic,2.3,9482.55,0
50,Male,94973.0,24,16,58,6,5,No,Tablet,Basic,1.1,1351.06,1
57,Female,78449.0,28,6,21,13,5,No,Mobile,Premium,2.4,9739.55,1
56,Male,124834.0,5,8,25,1,8,No,Tablet,Basic,,2383.32,0
35,Male,40537.0,7,13,20,8,3,No,Mobile,Gold,4.6,7751.45,0
57,Male,92576.0,4,16,49,12,0,No,Desktop,Basic,3.1,3455.8,1
18,Male,122522.0,5,3,52,2,5,Yes,Mobile,Basic,2.8,1516.51,0
28,Female,37612.0,24,19,22,7,4,No,Desktop,Basic,1.1,8593.1,1
45,Female,21471.0,1,12,21,12,9,Yes,Desktop,Premium,4.5,3157.72,0
42,Male,46348.0,1,16,33,7,5,Yes,Mobile,Basic,1.1,6622.67,1
40,Male,16177.0,15,11,52,2,2,Yes,Desktop,Premium,4.8,5707.79,0
48,Male,47779.0,20,10,38,3,1,Yes,Tablet,Gold,3.0,4770.39,0
47,Male,36636.0,19,20,15,1,5,Yes,Desktop,Gold,2.4,5008.61,0
59,Male,96889.0,29,4,58,3,0,No,Mobile,Gold,4.7,7349.16,0
52,Male,68551.0,10,12,58,10,6,No,Tablet,Gold,1.1,968.95,1
24,Female,61819.0,28,2,46,10,6,Yes,Tablet,Premium,3.3,6714.99,0
33,Male,88770.0,18,19,52,10,9,Yes,Desktop,Gold,3.2,8968.54,1
43,Female,93714.0,28,5,15,15,6,No,Desktop,Basic,1.9,672.1,1
19,Female,39596.0,3,8,46,13,10,No,Mobile,Basic,2.7,1492.47,1
18,Male,79106.0,11,7,25,8,9,Yes,Tablet,Basic,3.6,7194.66,1
29,Female,74182.0,15,14,21,1,0,No,Mobile,Basic,3.9,4429.09,0
22,Female,102163.0,27,3,24,11,3,No,Desktop,Basic,1.0,4095.13,1
54,Female,54310.0,30,18,57,11,6,No,Tablet,Gold,4.7,1455.97,1
49,Female,71088.0,11,16,58,12,10,Yes,Mobile,Basic,1.7,5117.02,1
26,Female,143803.0,17,19,5,15,8,No,Mobile,Basic,1.9,1352.8,1
58,Female,51914.0,17,19,6,2,4,Yes,Mobile,Premium,2.1,4818.54,0
52,Male,125350.0,6,18,49,14,1,Yes,Mobile,Basic,1.2,7659.79,1
36,Female,60379.0,5,20,43,10,6,Yes,Mobile,Basic,1.5,2656.82,1
33,Female,61413.0,8,16,48,10,9,Yes,Tablet,Basic,4.9,4859.78,1
20,Female,22151.0,2,8,44,14,0,Yes,Mobile,Basic,2.3,9920.96,1
37,Male,72716.0,16,1,47,3,6,No,Tablet,Basic,1.5,6897.84,0
41,Female,108747.0,20,17,23,4,5,Yes,Mobile,Premium,1.4,8429.43,0
50,Male,136999.0,24,12,4,0,6,Yes,Desktop,Premium,3.9,4206.99,1
41,Female,129793.0,12,11,27,6,9,Yes,Desktop,Basic,4.4,7701.82,0
28,Male,123177.0,6,5,18,15,2,No,Mobile,Basic,2.0,501.04,1
25,Male,27289.0,1,12,21,13,2,No,Desktop,Basic,1.1,1316.82,0
53,Female,101365.0,4,17,28,9,6,No,Tablet,Premium,1.9,2110.4,1
55,Female,129014.0,17,6,35,15,1,No,Mobile,Basic,1.2,4079.32,0
57,Male,87588.0,13,1,22,6,0,No,Tablet,Basic,1.4,8472.87,0
37,Female,78646.0,18,5,40,8,8,No,Mobile,Premium,2.7,3528.03,1
52,Male,18654.0,5,14,23,3,8,No,Desktop,Basic,1.9,6580.75,0
42,Male,33743.0,30,5,3,13,6,Yes,Tablet,Basic,3.1,7122.21,1
52,Male,63368.0,24,1,40,13,6,Yes,Desktop,Basic,2.0,5903.21,1
42,Male,134735.0,24,18,50,5,2,No,Desktop,Gold,4.8,3636.7,1
46,Male,134891.0,27,16,10,10,9,Yes,Mobile,Gold,4.6,5812.83,1
35,Female,122971.0,3,9,25,1,1,Yes,Tablet,Premium,3.3,3488.43,0
35,Male,27149.0,11,19,52,11,10,No,Desktop,Basic,2.4,930.35,1
19,Male,115102.0,13,5,49,11,6,Yes,Mobile,Premium,2.5,9928.76,0
52,Female,74189.0,4,2,8,13,8,Yes,Mobile,Gold,2.6,1359.11,0
33,Male,86031.0,26,15,55,3,0,No,Mobile,Gold,3.9,816.25,1
58,Female,57668.0,27,7,11,1,3,Yes,Desktop,Basic,2.8,8797.45,0
53,Female,103204.0,14,4,5,9,5,No,Mobile,Gold,4.4,3088.16,1
50,Female,52384.0,22,1,58,4,6,No,Tablet,Basic,4.8,6537.94,0
21,Male,96929.0,11,13,45,14,9,Yes,Tablet,Basic,2.3,3357.16,1
50,Male,142959.0,27,20,53,6,6,Yes,Desktop,Premium,3.2,3975.4,1
31,Male,91153.0,10,7,55,12,9,Yes,Tablet,Basic,1.4,2694.92,0
38,Female,90388.0,19,15,37,0,1,No,Mobile,Gold,1.8,3496.14,0
37,Male,46401.0,18,14,56,14,3,No,Desktop,Basic,2.7,4165.93,1
25,Female,134503.0,6,19,59,9,4,No,Mobile,Premium,1.8,7232.12,1
24,Male,142834.0,27,20,45,9,0,Yes,Desktop,Gold,4.5,5164.21,1
20,Female,49084.0,29,18,38,6,0,Yes,Desktop,Gold,1.6,9441.3,1
34,Male,125641.0,15,10,29,9,9,No,Mobile,Basic,2.8,514.62,1
50,Male,120111.0,21,9,5,12,2,Yes,Tablet,Basic,3.4,5080.38,0
29,Male,51041.0,30,8,9,5,9,Yes,Tablet,Premium,3.8,5883.83,1
39,Female,103920.0,10,10,59,5,2,No,Desktop,Basic,2.5,9209.95,0
39,Female,80681.0,5,17,48,11,7,No,Mobile,Gold,4.5,586.67,1
47,Male,96571.0,26,2,2,7,8,Yes,Mobile,Gold,3.3,5777.65,0
55,Male,142556.0,29,6,1,7,10,No,Desktop,Basic,2.8,8550.94,1
55,Female,41160.0,5,5,40,5,0,Yes,Tablet,Basic,1.3,2495.08,0
25,Female,32633.0,10,9,60,2,10,No,Mobile,Basic,2.9,8775.29,0
44,Female,32014.0,28,5,51,4,1,No,Tablet,Gold,4.3,288.53,1
44,Male,95532.0,5,18,30,1,9,No,Tablet,Basic,3.5,7351.3,0
51,Female,64104.0,3,20,11,14,1,Yes,Desktop,Basic,4.3,9337.82,0
38,Male,92231.0,23,9,28,13,3,Yes,Desktop,Basic,3.0,6606.26,1
47,Female,83388.0,6,17,44,4,1,No,Tablet,Premium,1.5,4446.39,0
50,Male,31014.0,4,17,12,13,6,No,Mobile,Basic,1.1,544.32,1
45,Female,107578.0,18,12,39,8,8,No,Mobile,Basic,2.2,9209.13,0
50,Female,55390.0,28,7,26,9,6,Yes,Desktop,Gold,3.8,4755.93,0
22,Female,38711.0,9,3,13,0,5,No,Tablet,Gold,4.2,387.07,0
36,Female,106658.0,17,10,59,9,9,No,Mobile,Premium,2.2,6929.23,1
21,Female,72993.0,29,2,8,4,0,No,Mobile,Basic,3.0,4870.19,0
52,Male,22421.0,13,3,54,11,10,No,Desktop,Basic,2.7,1331.02,1
34,Female,32727.0,27,16,28,5,9,Yes,Tablet,Premium,2.6,2221.29,1
45,Female,127418.0,15,2,58,13,8,Yes,Mobile,Basic,1.9,738.46,1
47,Female,19358.0,30,10,30,10,4,No,Desktop,Gold,1.5,5785.51,1
46,Male,80108.0,20,6,9,6,10,Yes,Mobile,Premium,1.8,6258.09,1
23,Female,109018.0,17,11,39,8,4,Yes,Mobile,Basic,1.2,5106.85,0
52,Male,139457.0,13,7,31,5,5,Yes,Mobile,Gold,1.8,8189.31,0
58,Female,46910.0,16,15,58,4,8,No,Desktop,Gold,1.0,8623.99,1
54,Female,141888.0,22,6,21,11,7,Yes,Tablet,Basic,3.5,6194.68,1
41,Male,70754.0,4,20,56,6,7,Yes,Desktop,Premium,2.3,226.29,1
46,Female,124847.0,5,9,47,12,7,Yes,Tablet,Basic,4.9,6982.77,1
48,Male,53467.0,5,20,34,0,0,No,Mobile,Basic,1.8,4238.19,0
52,Male,48893.0,9,12,55,10,0,No,Tablet,Basic,2.4,5699.02,0
50,Female,91329.0,17,19,31,13,7,Yes,Mobile,Premium,2.4,6525.9,1
38,Male,,13,20,52,4,4,Yes,Mobile,Gold,1.0,3567.34,0
49,Female,69253.0,2,3,25,14,8,No,Desktop,Premium,4.4,9179.28,0
40,Female,27323.0,13,15,12,1,1,No,Mobile,Basic,1.1,1426.35,0
50,Male,126335.0,22,2,1,3,8,Yes,Desktop,Premium,,6747.97,0
20,Male,127356.0,21,2,55,6,7,Yes,Tablet,Basic,4.6,143.16,0
35,Male,125944.0,27,3,22,4,8,No,Tablet,Gold,3.1,9254.05,1
42,Male,31456.0,23,6,40,11,3,No,Mobile,Basic,3.2,1213.79,0
59,Female,46367.0,19,15,37,5,0,Yes,Desktop,Basic,3.6,1039.35,1
48,Female,69624.0,3,10,47,1,0,No,Mobile,Basic,,3396.78,0
20,Male,83008.0,10,9,1,2,4,Yes,Desktop,Premium,3.6,3798.31,0
57,Female,140926.0,2,1,1,6,1,Yes,Desktop,Basic,1.2,2221.57,0
41,Female,130395.0,13,16,57,10,7,Yes,Desktop,Premium,1.2,5892.7,1
49,Female,131492.0,19,6,42,1,9,No,Tablet,Basic,2.8,4484.85,0
39,Female,87240.0,26,9,54,11,10,Yes,Desktop,Basic,3.2,438.34,1
40,Male,79315.0,17,4,42,5,4,Yes,Tablet,Basic,4.6,3264.56,0
19,Male,25756.0,21,2,21,4,4,No,Desktop,Gold,1.4,8123.29,0
44,Female,51378.0,14,4,15,9,1,No,Tablet,Gold,4.3,6928.05,0
59,Male,140703.0,12,1,17,0,6,Yes,Tablet,Basic,1.8,7276.22,0
19,Male,71549.0,21,19,22,11,7,Yes,Tablet,Basic,2.6,7011.36,1
43,Male,88794.0,12,10,38,10,9,No,Mobile,Basic,2.3,3178.63,0
34,Female,60113.0,11,15,35,14,0,No,Desktop,Premium,2.6,1086.67,0
57,Female,,7,19,45,9,1,No,Mobile,Basic,1.6,2797.43,0
50,Female,140541.0,4,16,16,10,9,Yes,Desktop,Gold,3.0,8334.67,1
26,Male,24686.0,19,4,8,3,3,Yes,Desktop,Gold,4.2,9806.66,1
60,Female,68363.0,1,2,47,10,4,Yes,Mobile,Basic,2.8,4989.09,1
56,Female,112543.0,28,13,17,1,1,No,Tablet,Basic,3.0,196.03,0
46,Male,146733.0,24,1,17,3,0,Yes,Desktop,Gold,,1486.44,0
59,Female,110673.0,29,17,54,0,8,No,Tablet,Gold,3.8,3288.6,1
43,Female,,3,13,26,1,0,Yes,Mobile,Basic,3.0,5827.99,0
52,Male,63604.0,13,4,13,12,3,No,Tablet,Basic,2.0,843.43,0
42,Male,25526.0,15,7,17,7,1,Yes,Desktop,Basic,4.5,9439.24,0
41,Male,83910.0,2,17,38,5,10,Yes,Desktop,Basic,3.3,3714.33,0
30,Female,40592.0,11,9,17,1,3,No,Desktop,Basic,1.9,9134.58,0
24,Female,43982.0,4,4,48,11,7,No,Mobile,Basic,2.1,7827.17,0
53,Female,15207.0,19,19,14,14,7,Yes,Desktop,Premium,4.2,7578.83,1
37,Male,103733.0,29,1,45,5,10,No,Mobile,Basic,1.2,6106.52,1
18,Male,139982.0,17,10,6,9,8,No,Tablet,Basic,5.0,6305.16,1
25,Female,83619.0,3,4,35,8,10,Yes,Desktop,Basic,1.5,6416.23,1
33,Female,61479.0,28,9,46,6,4,No,Desktop,Gold,4.2,6324.34,1
31,Male,96437.0,18,13,14,8,6,Yes,Desktop,Gold,2.6,5581.91,1
29,Male,113540.0,8,14,47,4,2,Yes,Tablet,Basic,3.0,9865.5,1
40,Male,87982.0,22,10,8,6,9,No,Desktop,Basic,4.5,7349.68,1
32,Male,117747.0,25,6,15,10,3,No,Mobile,Gold,2.7,7791.77,1
45,Female,63231.0,24,16,54,15,9,Yes,Tablet,Basic,3.1,8737.38,1
51,Male,44301.0,26,6,27,14,8,Yes,Tablet,Basic,1.2,2234.83,1
19,Female,33752.0,19,17,13,13,9,Yes,Tablet,Basic,1.0,929.66,1
49,Female,113452.0,5,10,49,6,9,Yes,Tablet,Basic,2.0,4880.65,1
40,Female,136237.0,7,18,31,11,0,Yes,Tablet,Basic,3.7,5189.4,1
39,Male,71273.0,21,18,53,15,1,Yes,Mobile,Gold,1.5,8308.9,0
42,Male,106878.0,8,3,56,11,4,No,Tablet,Premium,1.5,4493.46,1
39,Male,19895.0,28,20,35,2,2,No,Desktop,Basic,2.6,5751.44,1
39,Male,134968.0,5,15,60,6,1,No,Tablet,Gold,3.6,5318.0,0
59,Female,130700.0,17,15,6,0,0,Yes,Tablet,Basic,3.8,478.21,0
23,Male,91559.0,5,4,5,8,9,No,Tablet,Basic,1.7,6190.63,0
32,Male,25699.0,4,9,22,9,2,Yes,Tablet,Premium,1.3,8297.63,0
60,Female,24715.0,22,19,58,12,0,Yes,Tablet,Premium,4.8,1659.26,0
54,Male,34169.0,19,17,49,5,0,No,Mobile,Basic,2.0,5983.88,0
50,Female,133413.0,27,11,23,15,0,Yes,Mobile,Basic,4.4,5976.74,1
25,Female,134264.0,21,9,25,4,7,Yes,Tablet,Premium,4.5,1725.43,0
22,Female,20782.0,2,10,34,6,2,Yes,Mobile,Premium,4.1,1322.29,0
56,Female,139481.0,11,18,26,4,10,Yes,Desktop,Premium,,9802.51,1
21,Female,50585.0,22,20,47,9,0,Yes,Tablet,Basic,4.3,3997.82,1
23,Female,45682.0,13,13,5,4,6,Yes,Desktop,Basic,4.1,2351.48,0
49,Female,144992.0,15,8,26,15,9,No,Desktop,Basic,3.4,1796.11,1
47,Female,99416.0,12,7,20,10,2,Yes,Tablet,Basic,2.3,6709.26,1
52,Male,142810.0,22,17,6,9,7,Yes,Desktop,Gold,2.1,6133.51,1
57,Male,53067.0,21,15,6,10,3,Yes,Desktop,Basic,1.5,6471.17,0
33,Male,33073.0,22,20,59,6,3,Yes,Desktop,Basic,3.0,971.26,1
30,Male,51035.0,11,15,50,9,4,No,Tablet,Premium,3.3,8945.99,1
59,Female,105373.0,7,1,18,14,5,No,Tablet,Basic,2.4,3953.74,1
47,Male,,28,14,4,6,6,Yes,Desktop,Basic,2.9,3202.36,0
36,Female,105517.0,5,5,17,12,3,Yes,Tablet,Gold,2.5,4677.38,0
34,Male,80450.0,17,11,57,10,7,Yes,Tablet,Gold,3.6,3961.65,1
36,Male,25382.0,24,16,14,14,5,No,Desktop,Premium,4.6,8649.41,1
45,Male,76929.0,20,2,14,2,0,No,Tablet,Basic,1.7,9299.68,0
43,Female,113864.0,9,8,13,2,0,No,Mobile,Premium,2.5,3104.19,0
54,Male,40169.0,14,11,7,9,8,No,Tablet,Premium,1.6,8652.96,1
43,Female,102468.0,26,18,44,11,9,Yes,Mobile,Basic,3.5,7837.08,1
40,Female,49594.0,12,3,55,12,5,No,Desktop,Basic,3.9,9315.0,1
26,Male,60033.0,6,1,15,14,9,No,Tablet,Gold,4.7,2532.93,1
29,Male,78133.0,17,11,19,2,7,Yes,Desktop,Basic,2.1,5811.9,1
18,Male,88861.0,19,16,43,5,6,Yes,Desktop,Premium,4.8,2817.99,1
18,Female,46750.0,19,18,47,11,5,No,Desktop,Basic,1.3,8258.54,1
51,Male,55461.0,26,16,44,14,3,No,Desktop,Basic,3.4,152.71,1
49,Female,93222.0,16,10,35,5,6,No,Desktop,Basic,1.2,5691.71,0
42,Female,127020.0,12,18,17,12,8,No,Tablet,Gold,4.6,3458.11,1
57,Male,39226.0,12,6,35,12,10,Yes,Mobile,Basic,3.1,3294.57,1
18,Male,21721.0,20,19,19,2,9,Yes,Tablet,Premium,3.7,6484.57,0
33,Female,35609.0,6,4,20,2,9,No,Tablet,Premium,4.3,8529.7,0
56,Female,145513.0,23,13,36,7,6,No,Tablet,Premium,1.6,6131.03,1
22,Female,119211.0,26,14,35,7,0,No,Tablet,Gold,1.2,8546.41,1
39,Male,139865.0,4,3,32,6,9,No,Mobile,Premium,4.5,2719.51,0
46,Female,89520.0,6,10,58,9,8,No,Tablet,Basic,2.3,5243.07,0
20,Male,,11,6,48,3,3,Yes,Desktop,Gold,1.5,4560.31,0
29,Female,44984.0,1,1,44,14,2,Yes,Tablet,Premium,2.9,215.28,0
43,Female,133947.0,30,14,40,3,3,Yes,Tablet,Basic,3.4,5612.44,1
33,Male,20901.0,24,8,24,2,3,No,Mobile,Basic,1.1,6649.09,0
54,Female,46055.0,23,19,17,4,9,No,Mobile,Gold,2.1,5959.95,0
39,Male,,15,14,7,2,10,Yes,Desktop,Basic,1.1,7389.17,0
46,Male,26138.0,27,10,43,12,1,Yes,Tablet,Premium,2.7,5756.26,0
31,Female,38429.0,11,17,50,7,0,No,Tablet,Basic,4.6,760.83,0
45,Male,65200.0,25,9,1,6,9,Yes,Tablet,Basic,4.9,1252.81,1
22,Male,116268.0,19,6,35,15,0,No,Desktop,Premium,3.5,6005.1,0
47,Female,32347.0,18,11,32,12,7,No,Mobile,Basic,1.6,2822.29,0
22,Male,46822.0,17,7,36,2,1,Yes,Desktop,Basic,4.6,888.49,0
29,Male,55108.0,19,17,13,15,9,Yes,Tablet,Premium,3.1,4353.07,1
33,Male,143955.0,21,1,6,8,4,Yes,Mobile,Basic,1.6,5587.79,0
43,Female,22967.0,14,5,58,11,3,No,Mobile,Premium,4.7,3354.59,1
43,Male,125719.0,27,9,14,13,7,No,Desktop,Gold,4.0,7232.29,1
38,Female,26871.0,18,18,37,12,1,Yes,Mobile,Premium,3.9,6473.33,1
56,Female,43179.0,28,2,48,4,9,No,Mobile,Basic,3.8,3394.9,1
53,Male,70099.0,19,11,15,8,8,No,Tablet,Basic,1.8,7573.24,1
50,Male,50262.0,15,6,47,6,6,No,Tablet,Premium,1.8,6522.08,0
47,Male,93213.0,15,8,4,14,6,Yes,Mobile,Gold,3.8,6410.71,1
54,Female,132407.0,4,4,40,6,0,No,Mobile,Gold,1.9,5578.93,0
40,Male,101269.0,7,18,59,5,1,Yes,Desktop,Gold,2.8,212.76,1
27,Male,75545.0,13,11,16,1,3,Yes,Desktop,Basic,4.1,6995.42,0
22,Male,54922.0,3,5,28,8,3,No,Mobile,Basic,4.1,3822.81,0
53,Male,57913.0,16,15,16,5,10,Yes,Tablet,Basic,2.8,9431.84,0
51,Male,112033.0,9,18,4,7,2,No,Mobile,Basic,4.2,8198.05,0
48,Female,119792.0,8,2,45,0,6,Yes,Mobile,Basic,,5918.18,1
27,Female,134863.0,20,11,26,4,7,Yes,Tablet,Gold,3.6,2596.6,1
36,Male,59936.0,13,13,28,11,1,No,Tablet,Basic,1.9,2116.8,0
49,Male,43141.0,17,4,32,0,3,Yes,Desktop,Basic,2.1,3469.81,0
18,Male,112359.0,17,7,45,9,2,Yes,Desktop,Basic,2.3,4818.02,1
22,Male,138279.0,17,11,2,10,1,Yes,Desktop,Gold,1.5,3031.05,0
21,Female,56568.0,1,4,31,15,5,No,Desktop,Premium,2.1,5197.8,1
33,Male,112539.0,8,15,3,13,3,No,Tablet,Premium,1.8,1737.17,0
41,Female,61851.0,19,1,54,7,5,Yes,Mobile,Gold,2.8,9779.36,1
33,Female,69823.0,6,3,8,7,1,Yes,Desktop,Basic,4.6,1168.45,0
19,Male,38312.0,3,14,24,0,3,Yes,Desktop,Premium,1.4,9326.25,0
45,Female,113723.0,27,6,15,8,10,No,Tablet,Basic,3.9,9144.42,1
49,Female,27411.0,5,18,43,1,5,No,Tablet,Basic,3.7,5301.07,1
44,Female,72009.0,13,1,31,11,4,Yes,Mobile,Gold,1.4,7276.61,0
37,Female,47371.0,15,6,9,8,2,No,Mobile,Premium,4.7,4416.88,0
41,Male,72022.0,14,6,39,0,7,No,Tablet,Basic,3.3,6337.34,0
29,Male,86229.0,29,16,45,11,6,No,Desktop,Basic,2.5,3471.7,1
52,Female,114071.0,23,5,2,9,2,No,Desktop,Premium,4.0,3081.47,0
50,Male,111774.0,16,17,8,13,5,Yes,Desktop,Basic,2.0,5824.47,1
50,Male,41715.0,18,10,7,15,3,No,Mobile,Basic,3.8,5031.48,0
60,Male,42605.0,22,18,56,13,10,No,Desktop,Basic,1.2,5837.41,1
54,Male,114853.0,29,7,44,8,4,Yes,Desktop,Basic,4.4,2937.94,1
29,Male,46174.0,22,3,51,3,10,Yes,Tablet,Gold,2.8,3732.88,0
20,Female,91373.0,11,13,39,8,4,No,Desktop,Basic,3.5,930.59,1
18,Male,84252.0,3,15,42,6,6,No,Tablet,Basic,1.9,617.54,1
50,Male,85017.0,22,20,57,10,10,Yes,Desktop,Premium,3.7,2609.23,1
57,Male,78037.0,10,19,16,5,4,Yes,Mobile,Gold,4.1,835.04,0
27,Male,104818.0,10,3,35,14,10,Yes,Desktop,Basic,2.9,1127.37,1
60,Female,21548.0,30,4,30,4,2,No,Desktop,Basic,3.5,8147.99,0
46,Female,131981.0,21,5,10,10,9,No,Tablet,Basic,2.8,484.85,0
30,Female,39022.0,16,1,38,8,4,Yes,Tablet,Premium,4.6,6623.53,1
29,Female,121297.0,12,4,18,1,6,No,Tablet,Premium,3.0,2798.32,0
48,Male,75428.0,2,12,50,13,4,Yes,Desktop,Gold,4.4,8728.3,1
19,Female,74353.0,9,10,5,12,4,No,Desktop,Gold,4.2,4901.42,0
52,Male,128132.0,24,20,53,10,8,Yes,Mobile,Premium,2.6,3125.21,1
40,Male,31052.0,3,13,29,13,2,Yes,Desktop,Premium,1.9,5224.63,0
34,Male,115689.0,24,14,39,11,5,No,Mobile,Basic,2.6,3881.38,1
43,Male,146743.0,30,5,60,1,0,No,Tablet,Basic,4.3,5686.58,0
25,Male,15163.0,25,4,34,10,9,No,Tablet,Gold,1.9,1233.88,1
46,Female,56424.0,30,14,43,11,4,No,Tablet,Basic,3.1,9970.21,1
43,Female,37420.0,15,10,45,14,7,No,Mobile,Basic,4.2,4313.0,0
27,Female,135575.0,3,17,23,8,4,No,Desktop,Premium,2.4,3547.48,0
43,Female,44300.0,19,10,5,11,8,Yes,Tablet,Basic,3.6,7131.08,1
51,Male,104881.0,18,7,30,2,10,No,Desktop,Premium,2.0,3702.6,0
58,Female,25749.0,8,16,6,7,5,Yes,Desktop,Premium,1.4,8349.42,1
24,Male,119131.0,26,1,56,10,7,Yes,Tablet,Basic,4.2,4597.28,1
21,Female,143563.0,17,17,58,15,9,No,Mobile,Gold,1.4,7223.63,1
28,Male,52487.0,8,9,46,14,7,Yes,Desktop,Basic,2.1,1163.79,1
46,Male,36223.0,7,6,44,8,2,Yes,Tablet,Basic,4.4,8476.58,0
53,Female,87930.0,30,19,4,7,6,No,Desktop,Premium,2.4,7383.61,0
42,Male,43380.0,7,13,29,15,6,No,Desktop,Premium,4.9,2196.0,1
38,Male,41035.0,3,3,23,3,9,No,Desktop,Premium,4.9,1538.33,0
53,Female,45620.0,1,7,6,11,5,Yes,Desktop,Basic,2.1,3231.29,0
27,Male,132360.0,4,9,32,0,6,No,Desktop,Premium,1.2,9763.1,0
54,Female,68352.0,25,5,42,3,1,No,Mobile,Basic,3.8,2642.63,0
26,Female,18191.0,5,10,18,13,8,No,Mobile,Gold,2.8,4615.66,1
41,Female,105536.0,1,17,15,8,9,No,Tablet,Basic,1.4,397.2,1
52,Male,119576.0,15,12,40,1,9,Yes,Mobile,Premium,3.8,4032.55,0
52,Male,18631.0,5,16,58,15,0,No,Mobile,Basic,1.1,5756.07,0
53,Male,57080.0,13,3,32,2,0,Yes,Mobile,Basic,4.5,9535.93,0
35,Female,105353.0,8,9,9,9,2,No,Desktop,Basic,1.6,5215.69,0
56,Male,43671.0,8,15,37,7,2,Yes,Desktop,Gold,1.5,8209.16,0
49,Female,137811.0,5,5,10,5,0,Yes,Tablet,Premium,1.7,5516.56,0
41,Female,142734.0,28,13,20,15,6,Yes,Tablet,Gold,4.8,503.77,1
40,Male,66399.0,9,14,6,7,3,No,Tablet,Basic,3.8,3218.58,0
49,Female,22099.0,1,20,48,15,9,Yes,Desktop,Basic,4.2,5797.94,1
54,Male,71492.0,4,15,56,6,1,No,Mobile,Basic,2.6,9510.88,0
29,Male,111722.0,3,16,59,13,9,No,Mobile,Gold,2.3,8605.39,1
30,Male,45111.0,2,13,3,12,4,No,Desktop,Basic,1.9,2360.72,0
40,Male,78936.0,8,17,42,12,5,No,Tablet,Gold,2.9,2279.09,1
42,Male,75920.0,23,8,11,4,8,No,Tablet,Gold,3.2,2091.61,1
52,Female,78530.0,9,2,43,8,3,Yes,Tablet,Gold,3.5,9232.74,1
58,Female,22788.0,2,5,17,3,1,No,Desktop,Premium,2.0,8541.39,0
47,Female,43082.0,14,6,32,5,4,Yes,Tablet,Premium,4.8,7771.35,0
34,Male,138287.0,14,12,4,1,2,Yes,Tablet,Premium,1.7,3988.08,0
37,Male,104570.0,4,18,4,14,1,Yes,Desktop,Basic,4.9,5093.37,0
42,Male,116015.0,30,1,17,1,0,Yes,Mobile,Premium,1.1,4696.88,0
39,Female,98588.0,6,17,41,1,9,Yes,Desktop,Basic,2.9,2608.64,1
30,Male,103340.0,11,11,19,9,1,Yes,Desktop,Basic,2.3,5099.78,0
36,Female,109439.0,3,10,5,6,5,Yes,Desktop,Basic,2.8,401.92,0
53,Female,130053.0,8,19,32,12,7,No,Desktop,Basic,3.3,1404.92,1
29,Male,63355.0,3,14,22,1,2,Yes,Mobile,Basic,2.7,8877.24,0
58,Male,140426.0,14,10,56,14,10,No,Tablet,Basic,2.7,7541.63,1
36,Female,79027.0,28,15,6,14,8,Yes,Desktop,Premium,3.9,4286.4,1
29,Male,107601.0,13,19,35,11,8,Yes,Mobile,Basic,3.7,5219.79,1
26,Female,44956.0,13,4,22,14,1,Yes,Tablet,Premium,4.3,3762.99,0
24,Male,119797.0,2,2,1,12,7,Yes,Tablet,Basic,2.0,7433.72,1
45,Male,139917.0,13,9,20,1,9,No,Tablet,Premium,3.4,7863.45,1
31,Female,141303.0,29,10,22,14,10,No,Desktop,Premium,3.3,7656.52,1
48,Male,57533.0,19,11,48,8,4,No,Desktop,Premium,2.5,7253.86,0
36,Female,93815.0,27,14,55,6,3,Yes,Tablet,Premium,2.9,2124.59,1
33,Male,54279.0,6,7,11,10,9,Yes,Tablet,Basic,,3445.9,0
22,Female,124787.0,16,15,13,2,4,Yes,Tablet,Premium,1.6,4751.47,0
52,Female,76063.0,2,19,59,2,3,No,Tablet,Basic,1.9,3374.85,0
29,Male,142896.0,8,15,42,6,7,Yes,Tablet,Basic,1.4,7573.91,0
42,Female,112661.0,17,8,3,4,3,No,Tablet,Premium,3.7,3360.6,0
38,Male,138257.0,23,11,9,9,9,No,Mobile,Basic,3.6,1468.5,1
53,Male,101205.0,2,9,60,13,5,Yes,Tablet,Premium,4.8,4050.5,1
40,Male,21910.0,10,15,12,13,1,Yes,Desktop,Premium,3.9,9801.15,0
33,Female,61857.0,28,1,23,5,4,No,Desktop,Basic,1.2,2336.23,0
56,Female,49964.0,16,1,14,12,5,No,Desktop,Basic,4.5,6160.37,1
59,Male,32153.0,6,19,33,11,4,No,Tablet,Basic,4.5,4386.43,1
56,Male,74765.0,28,3,18,7,1,Yes,Desktop,Gold,2.8,803.14,0
31,Female,123212.0,2,10,49,8,6,Yes,Mobile,Premium,3.3,4929.98,0
48,Male,54071.0,2,8,59,0,3,Yes,Tablet,Basic,4.9,7051.43,1
22,Male,127990.0,26,15,41,2,7,Yes,Desktop,Basic,3.1,5180.88,1
52,Female,84519.0,13,10,9,10,6,Yes,Mobile,Premium,4.6,8733.85,1
40,Male,24503.0,24,1,23,6,6,Yes,Mobile,Gold,1.3,2960.48,0
46,Female,110457.0,15,18,10,5,8,No,Desktop,Basic,1.8,953.87,0
60,Male,60838.0,28,2,19,6,0,No,Mobile,Basic,2.8,9372.0,0
28,Female,140200.0,2,19,47,7,9,No,Desktop,Gold,3.3,3844.14,0
35,Male,104489.0,7,13,5,5,5,Yes,Mobile,Basic,4.3,5806.41,0
29,Male,41806.0,3,1,47,2,5,No,Tablet,Basic,5.0,7940.83,0
26,Female,,8,2,52,1,5,Yes,Tablet,Gold,2.6,3310.71,0
27,Male,53714.0,23,16,23,11,5,Yes,Tablet,Premium,1.2,7190.03,1
34,Female,70419.0,14,15,30,6,9,No,Tablet,Basic,4.2,1440.65,1
55,Male,120432.0,24,13,25,11,6,Yes,Tablet,Basic,3.4,2983.81,1
24,Female,107949.0,30,16,28,11,9,No,Desktop,Basic,1.8,1532.64,1
30,Female,148533.0,23,17,34,11,5,No,Tablet,Basic,3.0,8131.18,0
57,Female,91971.0,27,7,45,10,0,Yes,Tablet,Gold,4.0,2304.23,0
59,Female,108471.0,22,17,56,0,2,No,Tablet,Basic,4.1,7202.3,1
26,Male,79946.0,29,7,48,2,1,No,Tablet,Premium,3.0,9438.65,0
44,Male,113989.0,7,13,47,11,5,No,Mobile,Gold,2.2,5324.94,1
19,Female,99080.0,21,5,25,10,7,No,Tablet,Basic,4.9,5446.29,0
22,Female,92794.0,7,17,10,3,2,Yes,Tablet,Basic,3.7,4664.23,0
46,Female,45841.0,1,3,14,12,9,No,Desktop,Premium,2.6,3326.31,0
54,Male,139447.0,17,7,42,13,7,No,Mobile,Gold,2.1,4808.98,1
55,Male,135029.0,9,17,57,0,7,No,Desktop,Gold,3.9,6067.79,0
36,Male,91272.0,30,7,46,4,4,Yes,Tablet,Basic,2.0,9861.32,0
25,Male,52643.0,21,1,58,9,7,No,Desktop,Premium,1.7,9383.87,1
18,Female,58950.0,13,17,30,2,5,Yes,Desktop,Premium,3.1,8635.31,0
39,Female,,21,17,55,1,4,No,Tablet,Gold,2.2,8902.39,1
34,Female,140588.0,19,11,41,14,8,No,Mobile,Basic,3.5,4731.71,1
24,Male,30997.0,21,3,25,2,6,No,Mobile,Premium,1.5,6608.7,0
42,Male,94751.0,19,15,14,7,7,Yes,Desktop,Gold,3.6,8961.16,1
21,Male,113605.0,25,11,35,15,0,Yes,Tablet,Basic,2.1,3990.21,1
53,Female,70533.0,25,16,52,5,10,Yes,Desktop,Basic,1.0,9621.45,1
23,Female,97566.0,22,9,48,12,1,Yes,Desktop,Basic,1.5,4216.28,1
48,Male,123255.0,17,1,34,13,7,Yes,Desktop,Basic,4.7,6050.72,1
36,Female,73005.0,23,16,10,6,8,Yes,Tablet,Basic,4.5,7127.07,1
56,Male,58541.0,23,9,35,11,3,No,Tablet,Gold,1.9,9510.86,0
44,Male,38387.0,30,19,11,5,9,Yes,Mobile,Basic,4.1,2521.7,1
27,Female,108980.0,10,12,11,5,10,No,Tablet,Basic,3.4,7486.7,1
43,Male,100457.0,10,19,21,15,9,Yes,Desktop,Premium,4.9,5256.07,1
36,Female,79028.0,4,9,21,11,8,Yes,Desktop,Basic,2.5,2758.72,1
56,Male,134246.0,8,7,22,15,3,Yes,Mobile,Basic,3.7,7788.41,0
20,Female,70731.0,22,14,45,2,9,No,Tablet,Premium,1.3,5567.0,1
30,Female,59638.0,20,19,7,11,9,Yes,Desktop,Gold,2.6,6643.64,0
45,Female,35567.0,20,19,55,12,9,Yes,Mobile,Premium,4.9,3296.72,1
37,Male,72804.0,18,2,17,13,8,No,Mobile,Premium,3.2,4864.61,0
45,Male,123821.0,14,9,2,7,10,No,Desktop,Basic,2.2,6211.81,1
25,Female,18754.0,18,13,12,11,6,No,Desktop,Gold,1.5,4108.62,1
58,Female,42044.0,28,15,57,6,1,No,Tablet,Basic,3.8,2063.89,0
56,Male,82260.0,14,3,42,6,8,Yes,Mobile,Premium,3.6,9620.24,1
18,Male,81912.0,20,11,18,5,3,No,Desktop,Basic,2.5,5163.53,0
20,Male,23706.0,21,14,54,4,7,Yes,Mobile,Gold,4.8,7365.81,1
30,Female,23894.0,24,8,59,9,6,Yes,Tablet,Premium,1.1,4169.37,0
45,Male,98986.0,15,18,11,7,6,No,Desktop,Premium,2.2,3615.8,1
42,Male,96942.0,22,19,16,4,7,Yes,Tablet,Basic,4.7,4130.93,0
50,Female,44725.0,30,16,49,8,0,No,Mobile,Basic,2.3,4151.05,0
55,Male,119555.0,4,2,51,8,4,Yes,Tablet,Premium,2.0,5487.38,0
23,Male,24496.0,13,8,18,0,1,No,Tablet,Premium,3.1,5480.35,0
49,Male,71447.0,27,6,35,5,1,No,Mobile,Basic,4.3,5021.82,0
38,Female,116604.0,23,12,53,6,0,No,Tablet,Gold,1.4,1434.38,1
33,Female,103199.0,8,15,59,2,4,No,Mobile,Gold,4.8,5011.15,0
38,Female,56321.0,18,8,26,15,1,No,Desktop,Basic,,1774.13,0
28,Female,70147.0,12,4,16,6,3,No,Mobile,Gold,1.7,1348.74,0
54,Female,106396.0,23,15,6,10,2,Yes,Mobile,Premium,3.8,9333.19,1
53,Female,53787.0,14,20,57,10,2,Yes,Desktop,Basic,2.5,6089.01,1
52,Female,36727.0,2,17,44,6,1,Yes,Mobile,Basic,2.6,6628.95,0
36,Male,110081.0,18,13,43,15,5,No,Desktop,Premium,4.1,4077.76,1
37,Male,137721.0,24,18,47,13,1,Yes,Desktop,Premium,4.9,9098.91,1
35,Female,83056.0,2,2,47,12,7,No,Mobile,Basic,1.5,6415.51,0
58,Male,149153.0,11,13,48,10,7,Yes,Tablet,Premium,2.7,7714.78,1
31,Male,95102.0,9,13,42,1,4,Yes,Tablet,Premium,2.9,3748.77,0
32,Female,91865.0,12,15,12,6,9,No,Desktop,Premium,2.5,9604.12,0
48,Male,82695.0,17,20,60,14,6,Yes,Tablet,Basic,2.5,8222.57,1
18,Male,132235.0,15,10,13,0,3,Yes,Tablet,Gold,1.2,8554.09,0
20,Male,123777.0,25,3,4,4,0,Yes,Mobile,Basic,3.7,1804.72,0
33,Male,34033.0,17,19,39,8,10,No,Desktop,Basic,2.7,2782.54,1
40,Male,41832.0,26,3,54,6,1,Yes,Desktop,Basic,1.8,2927.7,1
28,Female,130725.0,29,14,2,6,9,No,Mobile,Basic,4.3,2782.0,0
29,Female,34873.0,26,8,26,10,9,Yes,Tablet,Gold,4.2,8568.54,0
27,Female,55372.0,18,4,59,12,3,Yes,Desktop,Basic,2.9,415.66,1
49,Male,104464.0,22,20,27,11,0,Yes,Tablet,Premium,2.2,853.39,1
33,Female,132322.0,6,11,27,1,7,Yes,Desktop,Basic,3.6,2811.76,1
25,Male,115082.0,17,11,15,7,8,No,Desktop,Basic,2.2,2078.74,1
55,Male,20110.0,23,11,8,2,3,Yes,Desktop,Gold,1.9,2395.41,0
29,Male,27087.0,24,2,7,14,9,No,Desktop,Premium,,7999.64,0
41,Male,97617.0,18,17,47,7,2,No,Tablet,Basic,1.2,5674.95,1
45,Female,115483.0,8,9,55,2,1,Yes,Tablet,Premium,1.4,157.13,1
25,Female,24596.0,9,2,46,9,4,Yes,Tablet,Basic,1.0,4350.3,0
45,Male,122539.0,6,15,40,6,2,No,Tablet,Basic,1.6,4138.06,1
53,Female,33313.0,5,16,60,1,9,No,Mobile,Premium,1.3,1228.06,1
43,Male,128175.0,12,4,12,15,6,Yes,Desktop,Premium,5.0,6793.8,0
25,Female,129914.0,25,8,13,3,10,Yes,Desktop,Basic,2.2,7050.76,1
45,Female,38705.0,29,9,43,10,5,Yes,Desktop,Gold,1.6,7236.84,1
45,Male,88445.0,28,5,17,5,0,Yes,Mobile,Premium,2.0,7311.86,0
54,Female,118892.0,11,16,17,10,7,Yes,Tablet,Basic,4.7,100.52,1
58,Male,17023.0,25,13,56,8,1,No,Desktop,Premium,3.1,9543.82,1
53,Female,134654.0,1,7,36,4,4,Yes,Tablet,Premium,2.5,8160.67,0
44,Male,95073.0,11,20,21,12,8,Yes,Tablet,Premium,4.5,9049.42,1
34,Male,107197.0,19,17,8,8,7,No,Mobile,Basic,2.6,254.87,1
26,Female,79429.0,9,3,5,14,1,Yes,Mobile,Premium,2.3,9345.2,1
50,Female,119195.0,27,5,26,4,8,Yes,Tablet,Basic,1.8,8116.91,1
37,Male,48848.0,2,19,16,9,4,No,Desktop,Gold,2.5,8388.47,1
30,Female,42766.0,12,12,36,7,9,Yes,Desktop,Premium,2.3,1023.55,0
45,Female,83099.0,4,7,28,15,5,No,Mobile,Basic,3.7,7413.9,1
46,Male,84122.0,4,9,54,12,2,Yes,Mobile,Premium,2.2,9603.18,0
30,Male,63868.0,18,6,29,12,2,Yes,Mobile,Gold,3.3,6817.62,0
52,Female,134119.0,15,17,47,0,9,Yes,Mobile,Gold,1.3,5748.56,1
23,Male,110286.0,19,16,12,6,7,No,Mobile,Basic,1.8,9461.73,0
35,Male,21643.0,13,3,37,3,10,No,Mobile,Basic,2.6,4485.08,1
22,Male,51727.0,19,4,30,4,9,No,Mobile,Premium,4.7,6033.01,1
42,Female,124079.0,17,10,23,5,9,No,Desktop,Basic,2.5,4815.75,1
19,Female,80697.0,6,5,16,4,1,Yes,Mobile,Gold,3.7,9335.18,0
27,Male,31029.0,16,10,14,11,10,No,Mobile,Basic,2.0,853.24,0
47,Female,124458.0,24,12,10,0,1,No,Desktop,Basic,1.5,5061.09,0
22,Male,125384.0,12,10,7,11,4,No,Desktop,Basic,1.2,6900.83,0
50,Female,83926.0,19,13,45,8,5,Yes,Tablet,Basic,2.2,7939.87,1
18,Male,70506.0,5,11,52,1,1,Yes,Mobile,Premium,1.6,5871.88,0
35,Male,93229.0,17,16,60,8,4,No,Mobile,Basic,1.7,9098.29,1
49,Female,57092.0,26,8,37,9,6,No,Mobile,Basic,4.0,9425.72,1
28,Male,77539.0,23,8,29,1,9,Yes,Mobile,Basic,1.1,736.76,0
38,Female,28428.0,26,8,3,8,9,No,Tablet,Premium,3.2,4083.47,0
43,Female,72775.0,29,13,15,5,7,No,Desktop,Basic,2.5,332.24,1
42,Male,20469.0,1,2,36,10,6,No,Desktop,Premium,3.0,3361.22,1
39,Male,43854.0,28,12,47,8,7,No,Mobile,Premium,3.3,5415.0,1
44,Female,91256.0,27,10,46,12,8,Yes,Mobile,Premium,2.3,9116.87,1
30,Male,114134.0,25,12,52,5,4,Yes,Mobile,Gold,2.2,8480.89,0
50,Male,147723.0,24,11,19,5,4,Yes,Tablet,Gold,3.9,1362.25,0
51,Male,99730.0,23,15,13,12,10,No,Tablet,Gold,4.5,1021.0,1
58,Male,42386.0,10,16,42,10,9,No,Desktop,Basic,1.8,5933.75,1
52,Male,48787.0,15,17,21,13,3,Yes,Mobile,Basic,1.4,5367.97,1
18,Female,36621.0,23,2,37,1,8,Yes,Mobile,Basic,4.6,2737.14,0
38,Female,92984.0,21,18,27,7,4,Yes,Mobile,Gold,2.4,9004.59,0
23,Male,49051.0,21,12,55,2,1,No,Mobile,Gold,3.2,9280.93,1
45,Male,64811.0,11,19,52,6,9,Yes,Tablet,Gold,2.4,4085.85,1
34,Male,45447.0,13,18,29,4,7,No,Desktop,Basic,1.5,8914.0,0
22,Female,143046.0,5,17,20,2,6,No,Desktop,Gold,3.4,3901.09,0
48,Male,,1,6,25,0,7,Yes,Tablet,Basic,,7394.49,0
22,Female,131859.0,24,15,6,7,2,Yes,Mobile,Basic,1.8,4811.83,0
55,Female,18471.0,12,3,36,2,3,No,Desktop,Basic,2.8,1313.57,0
20,Female,135312.0,11,6,2,1,4,Yes,Desktop,Basic,4.2,9286.55,0
40,Male,61850.0,17,3,22,15,5,Yes,Tablet,Premium,3.4,4595.56,1
54,Female,69220.0,4,1,32,0,0,No,Mobile,Basic,1.4,7371.42,0
54,Male,108808.0,15,13,16,3,3,No,Desktop,Basic,3.2,3735.02,0
27,Female,68072.0,25,14,18,12,10,No,Mobile,Premium,3.8,286.92,1
27,Male,98820.0,30,13,5,7,9,No,Desktop,Gold,4.2,1095.25,1
36,Female,38284.0,9,4,54,12,4,No,Tablet,Premium,3.5,5012.57,1
34,Male,98369.0,21,7,36,2,6,Yes,Mobile,Basic,1.6,6930.65,0
38,Female,40122.0,20,10,30,13,4,No,Tablet,Gold,3.8,3413.88,1
31,Male,145349.0,19,7,45,0,0,No,Desktop,Gold,3.7,6985.34,0
26,Male,85553.0,19,15,19,3,10,No,Tablet,Basic,,7016.49,1
18,Male,109788.0,12,15,23,8,6,Yes,Tablet,Premium,2.6,7068.97,1
30,Male,77812.0,5,4,34,12,7,No,Tablet,Basic,2.3,4975.97,1
21,Female,22999.0,10,6,13,0,6,No,Desktop,Basic,3.7,9157.37,0
18,Female,37436.0,17,20,43,11,10,No,Mobile,Premium,1.9,4943.05,1
57,Male,57963.0,5,5,54,13,3,Yes,Tablet,Gold,3.4,4557.63,0
49,Female,148168.0,22,20,29,10,7,No,Mobile,Basic,4.7,2073.87,1
51,Male,123899.0,16,12,36,1,4,No,Desktop,Gold,4.2,3145.79,1
45,Male,41201.0,7,1,22,8,9,No,Mobile,Gold,4.7,519.11,0
48,Female,20105.0,28,8,52,15,8,Yes,Tablet,Gold,4.9,6372.0,1
25,Male,132666.0,9,1,52,1,9,Yes,Tablet,Basic,1.0,2560.5,1
56,Male,109848.0,3,5,47,12,4,Yes,Tablet,Gold,3.5,3111.14,1
43,Female,17839.0,15,6,36,2,0,Yes,Tablet,Basic,2.7,7731.06,0
51,Male,83920.0,16,3,9,6,8,No,Tablet,Premium,4.4,3339.49,0
20,Male,58619.0,18,15,39,2,4,No,Tablet,Basic,2.0,2497.74,0
29,Male,,14,5,51,8,5,Yes,Desktop,Basic,4.9,1773.67,0
18,Male,140736.0,3,14,19,15,3,Yes,Desktop,Premium,3.5,7771.1,0
22,Female,32069.0,12,18,38,5,5,No,Desktop,Basic,4.2,1384.09,1
47,Female,22531.0,9,16,6,2,7,No,Mobile,Basic,1.3,4592.16,0
47,Female,82155.0,28,6,52,8,2,Yes,Mobile,Basic,1.7,5118.61,0
34,Male,77424.0,7,14,47,0,4,Yes,Desktop,Premium,4.0,6905.16,0
40,Male,60603.0,9,8,15,9,1,Yes,Mobile,Basic,1.1,6369.51,0
32,Female,147503.0,13,7,57,2,1,Yes,Mobile,Gold,4.3,8126.13,1
54,Male,107573.0,18,8,20,0,6,No,Tablet,Basic,1.1,543.04,0
38,Male,118302.0,5,13,9,1,9,Yes,Tablet,Basic,3.6,3034.76,0
31,Male,146234.0,13,6,32,15,9,Yes,Mobile,Basic,2.5,2873.33,1
19,Male,34675.0,4,18,4,11,10,No,Mobile,Basic,3.4,1545.57,0
28,Female,88997.0,2,2,50,7,9,No,Desktop,Basic,3.8,2962.86,1
56,Female,22896.0,16,8,18,6,5,No,Mobile,Basic,2.4,3166.68,0
55,Female,64733.0,9,11,5,1,3,No,Tablet,Gold,1.4,5266.66,0
51,Male,56800.0,9,1,20,1,4,No,Mobile,Premium,1.3,6670.67,0
55,Female,111044.0,6,6,23,8,0,Yes,Desktop,Basic,3.4,3872.9,0
51,Female,20347.0,11,16,11,12,6,Yes,Tablet,Basic,3.1,7222.76,1
35,Male,148715.0,22,20,37,12,7,Yes,Tablet,Gold,4.0,3428.04,1
47,Male,55785.0,24,12,22,5,8,No,Tablet,Basic,3.0,2973.81,0
32,Female,33681.0,22,11,58,4,7,Yes,Tablet,Basic,2.7,5457.76,0
44,Female,,1,10,4,9,4,No,Mobile,Premium,2.6,334.79,0
51,Female,62299.0,4,3,29,5,2,Yes,Desktop,Premium,1.1,889.91,0
55,Female,32073.0,13,13,44,15,9,Yes,Mobile,Premium,2.3,4237.9,1
50,Male,117304.0,23,3,34,8,10,No,Mobile,Basic,4.9,9434.84,1
41,Female,45682.0,13,15,13,15,8,No,Tablet,Basic,4.5,7242.97,1
32,Female,139302.0,13,16,42,10,5,Yes,Desktop,Premium,2.3,972.45,0
47,Male,130359.0,2,13,9,6,4,Yes,Tablet,Basic,3.4,8478.55,0
59,Female,81707.0,9,17,42,14,2,Yes,Mobile,Premium,4.4,7349.78,1
34,Male,80428.0,24,3,31,9,5,Yes,Mobile,Premium,2.8,6148.37,0
22,Male,65601.0,8,20,7,9,2,Yes,Tablet,Basic,1.1,8220.9,1
46,Male,148611.0,7,11,4,13,9,No,Mobile,Gold,1.3,4100.69,1
21,Female,126487.0,4,19,19,8,5,No,Mobile,Gold,3.0,2292.86,1
27,Female,43228.0,18,11,42,3,3,No,Tablet,Premium,4.9,5169.03,0
34,Male,137788.0,3,16,30,1,1,No,Mobile,Basic,3.8,5533.53,0
27,Female,112239.0,28,3,31,11,7,Yes,Desktop,Basic,1.3,5429.43,1
34,Female,,6,6,35,7,3,Yes,Tablet,Basic,1.8,5694.23,0
37,Male,33322.0,12,14,57,3,8,No,Desktop,Basic,4.1,9492.18,1
41,Male,102896.0,12,18,21,12,6,Yes,Mobile,Gold,4.4,9032.23,0
22,Female,77292.0,21,17,31,8,1,No,Mobile,Basic,3.5,8769.6,0
51,Male,44055.0,28,4,19,14,3,Yes,Tablet,Basic,3.6,8034.03,1
23,Female,57891.0,8,15,31,14,4,Yes,Mobile,Basic,1.1,9439.94,1
19,Female,96912.0,22,11,53,3,2,Yes,Tablet,Premium,4.3,1075.1,1
30,Female,105536.0,22,3,32,14,8,No,Tablet,Basic,4.2,2724.72,1
60,Female,21304.0,1,3,2,7,4,No,Tablet,Basic,2.0,5001.05,0
60,Male,22345.0,4,16,59,8,1,No,Tablet,Basic,3.8,8480.69,0
28,Male,106006.0,21,5,52,12,10,No,Tablet,Gold,1.9,5101.14,1
40,Male,144350.0,28,10,10,8,2,Yes,Desktop,Basic,1.2,7505.54,0
33,Male,34446.0,11,19,2,9,8,Yes,Tablet,Gold,1.8,1475.7,0
48,Female,17336.0,3,4,2,3,6,Yes,Desktop,Gold,1.7,2598.9,0
28,Female,77032.0,13,19,60,0,1,Yes,Mobile,Basic,2.4,7344.58,1
33,Male,112852.0,25,11,24,15,8,No,Tablet,Premium,2.7,1730.87,1
25,Female,33474.0,17,2,17,14,3,Yes,Mobile,Basic,3.0,3578.42,0
21,Female,70718.0,22,10,32,2,8,Yes,Tablet,Gold,2.9,2722.18,1
57,Female,59629.0,22,11,16,8,1,Yes,Desktop,Premium,2.1,3563.63,0
21,Male,60232.0,10,20,16,3,9,No,Desktop,Basic,1.1,7112.41,0
42,Male,101544.0,21,16,46,4,3,No,Desktop,Basic,3.4,3741.69,0
20,Male,65669.0,12,19,39,6,4,No,Mobile,Basic,2.6,5597.11,1
49,Female,84184.0,15,11,53,4,1,Yes,Tablet,Gold,2.2,1089.33,0
20,Male,28140.0,21,14,31,3,9,No,Mobile,Basic,4.5,8069.68,0
44,Male,141468.0,10,2,43,14,0,Yes,Desktop,Premium,4.0,3761.9,1
46,Male,98457.0,14,5,24,1,6,Yes,Mobile,Basic,4.4,6520.49,0
49,Male,29357.0,13,5,1,14,9,Yes,Desktop,Gold,3.0,7281.36,1
36,Male,126672.0,5,19,11,1,0,No,Desktop,Basic,1.5,2175.64,0
38,Male,83673.0,6,12,55,12,10,No,Desktop,Premium,3.8,8858.28,1
22,Female,136673.0,24,18,21,12,10,Yes,Tablet,Basic,1.8,6200.62,1
35,Female,80633.0,2,4,4,3,7,Yes,Tablet,Premium,2.8,4344.38,0
45,Male,111111.0,22,17,7,9,2,No,Desktop,Basic,1.3,1905.12,1
59,Male,93258.0,17,10,26,12,9,No,Mobile,Basic,4.3,9428.78,1
39,Female,84286.0,4,20,47,9,5,No,Mobile,Basic,1.5,7575.18,1
38,Female,108269.0,14,6,50,12,6,Yes,Tablet,Premium,4.6,2159.44,1
23,Male,89071.0,10,14,12,14,9,Yes,Desktop,Basic,4.5,3443.34,1
18,Male,45651.0,3,11,31,8,0,Yes,Mobile,Premium,2.9,8115.78,1
22,Male,85202.0,25,11,17,7,5,No,Desktop,Basic,4.0,6987.21,1
58,Male,63777.0,3,18,33,2,6,No,Mobile,Gold,3.5,7681.26,0
29,Female,82263.0,15,18,11,15,5,No,Tablet,Gold,4.2,4467.89,1
43,Male,115158.0,6,11,28,14,3,Yes,Desktop,Premium,2.7,7193.12,1
51,Male,25800.0,17,12,32,13,0,Yes,Desktop,Basic,4.1,3926.29,0
31,Male,52823.0,12,5,1,15,10,No,Mobile,Basic,2.8,2191.5,1
43,Male,78878.0,22,9,47,8,8,Yes,Mobile,Basic,4.8,6363.5,1
44,Female,33708.0,20,9,28,13,3,No,Mobile,Basic,2.9,9762.54,1
26,Female,78870.0,24,10,53,4,6,Yes,Desktop,Premium,2.9,3174.95,1
43,Female,24283.0,29,19,42,10,6,No,Tablet,Premium,4.1,4663.6,1
39,Male,93707.0,11,1,7,2,1,Yes,Tablet,Gold,4.3,6772.61,1
47,Male,20774.0,25,7,2,4,0,Yes,Mobile,Basic,3.2,5460.91,0
60,Female,111468.0,4,4,42,12,7,No,Tablet,Premium,1.7,8449.94,1
34,Male,111334.0,26,1,24,9,7,No,Mobile,Basic,2.9,7641.25,1
43,Male,33133.0,28,15,4,12,6,No,Tablet,Premium,4.9,677.14,1
53,Female,15781.0,26,8,44,3,7,No,Desktop,Basic,4.0,9984.37,1
18,Female,129586.0,6,12,19,7,2,No,Mobile,Basic,4.2,7548.78,0
25,Female,42624.0,1,18,26,12,10,Yes,Tablet,Basic,1.1,8652.64,0
52,Female,21823.0,20,15,11,11,1,No,Desktop,Premium,2.9,6546.86,1
32,Male,33489.0,23,17,40,4,6,No,Tablet,Gold,3.6,8577.22,1
39,Male,44118.0,28,14,50,9,7,No,Desktop,Basic,4.3,1212.59,1
31,Female,115417.0,16,14,43,11,0,Yes,Desktop,Basic,1.2,3542.6,1
43,Male,96816.0,15,18,11,7,9,No,Tablet,Basic,4.4,8776.57,1
45,Female,28565.0,17,20,45,8,8,No,Tablet,Premium,3.2,2096.39,1
40,Female,106179.0,8,18,3,3,10,No,Desktop,Basic,1.8,874.6,0
31,Male,38648.0,28,16,12,6,3,Yes,Desktop,Premium,2.3,7902.38,0
41,Female,56971.0,26,1,3,1,3,Yes,Desktop,Gold,2.1,8371.31,0
19,Male,33658.0,12,11,42,5,2,No,Mobile,Gold,,1710.26,0
43,Male,36253.0,27,15,27,7,5,Yes,Desktop,Basic,1.2,8558.03,0
31,Male,103664.0,22,12,49,11,0,No,Mobile,Gold,1.6,6899.0,1
24,Male,118850.0,21,8,54,6,5,Yes,Desktop,Premium,4.3,5248.82,1
20,Female,148623.0,10,20,2,6,1,No,Mobile,Basic,1.5,8319.48,0
40,Male,86947.0,27,6,49,7,8,Yes,Desktop,Premium,1.9,4250.57,0
60,Female,76001.0,15,3,16,15,1,No,Desktop,Gold,2.8,2020.54,0
35,Female,137775.0,30,13,2,6,6,No,Desktop,Basic,3.1,2920.04,1
55,Female,48243.0,9,13,60,4,0,Yes,Tablet,Basic,4.1,5101.12,0
52,Female,90939.0,2,2,54,6,6,No,Tablet,Basic,2.8,5360.17,1
32,Male,72828.0,5,5,30,12,4,No,Desktop,Premium,4.2,8075.25,0
42,Male,21710.0,6,17,20,13,7,No,Mobile,Basic,3.5,7934.39,1
54,Female,52991.0,7,6,38,9,3,No,Mobile,Gold,1.5,5855.53,0
45,Female,,21,2,28,2,9,Yes,Desktop,Premium,1.6,7829.78,0
27,Male,95257.0,25,4,25,4,6,No,Tablet,Premium,2.7,1998.56,1
56,Female,52711.0,1,11,32,6,5,Yes,Mobile,Basic,,595.64,0
34,Male,21530.0,23,8,10,14,4,Yes,Tablet,Premium,4.0,8748.97,0
56,Female,26116.0,26,12,60,8,3,Yes,Mobile,Basic,3.3,847.99,0
39,Male,80794.0,7,8,42,14,6,Yes,Desktop,Basic,2.6,2542.22,1
43,Female,146354.0,20,11,40,1,4,No,Tablet,Premium,1.7,6983.66,0
42,Female,147970.0,25,20,33,3,4,No,Mobile,Basic,1.9,4153.53,1
34,Male,19135.0,30,8,13,11,0,Yes,Desktop,Premium,,8775.51,0
30,Female,124472.0,12,8,56,6,1,No,Desktop,Basic,2.7,3050.0,0
37,Female,140147.0,16,17,41,0,4,Yes,Desktop,Basic,3.1,217.53,0
42,Male,104087.0,16,20,54,12,2,No,Tablet,Basic,1.7,3076.49,1
21,Female,48380.0,11,20,42,1,1,No,Tablet,Gold,3.7,5822.94,1
27,Male,144951.0,21,16,47,8,3,No,Desktop,Premium,4.4,3821.79,1
20,Male,32071.0,4,14,37,12,3,Yes,Tablet,Premium,2.0,5395.24,1
58,Female,35074.0,13,11,54,9,3,Yes,Mobile,Basic,3.0,8778.32,0
35,Female,82843.0,7,7,16,6,3,No,Desktop,Basic,4.9,9133.6,0
53,Female,54901.0,4,16,45,11,2,Yes,Desktop,Gold,2.3,2733.14,0
39,Female,26205.0,15,13,22,9,6,Yes,Tablet,Basic,3.4,4675.19,1
51,Female,139661.0,19,15,57,6,8,No,Desktop,Basic,1.4,5536.53,1
25,Female,20906.0,9,16,20,5,4,Yes,Mobile,Premium,3.4,9496.21,0
57,Female,148663.0,11,9,50,2,3,No,Tablet,Basic,1.4,9986.31,0
36,Male,140576.0,8,3,43,9,10,No,Tablet,Gold,4.8,2430.53,0
59,Female,77987.0,1,19,27,2,1,No,Desktop,Premium,3.9,7297.1,0
58,Male,95685.0,23,20,41,1,1,Yes,Desktop,Basic,4.2,3842.51,1
54,Female,125454.0,25,5,16,10,4,No,Desktop,Basic,3.8,180.27,1
23,Female,120487.0,24,10,34,5,6,No,Tablet,Basic,,191.6,1
43,Male,69400.0,8,17,32,3,9,Yes,Desktop,Gold,2.8,4659.6,1
51,Female,46852.0,13,15,26,15,9,Yes,Mobile,Premium,4.4,4934.52,1
23,Female,67756.0,22,8,25,4,8,Yes,Desktop,Basic,,323.44,0
54,Male,130357.0,27,15,2,2,6,Yes,Desktop,Basic,3.0,6900.58,1
50,Female,134052.0,4,14,12,5,4,No,Tablet,Premium,4.7,3010.63,0
39,Female,71481.0,8,20,40,10,9,Yes,Desktop,Premium,3.3,5642.94,1
38,Female,16283.0,3,7,9,11,9,Yes,Tablet,Basic,3.2,3079.1,0
23,Male,48691.0,29,12,12,2,9,Yes,Desktop,Basic,2.8,1754.63,1
23,Female,147197.0,9,17,26,13,5,Yes,Mobile,Basic,1.8,4131.02,0
21,Female,41170.0,29,17,9,14,10,No,Mobile,Premium,1.0,2399.51,1
47,Female,23438.0,2,10,10,13,2,Yes,Tablet,Gold,2.0,5394.53,1
28,Female,35095.0,2,19,32,15,4,No,Tablet,Basic,3.0,2068.4,0
47,Male,24752.0,28,14,57,15,7,Yes,Desktop,Premium,2.5,5133.22,1
48,Male,,13,11,34,7,0,No,Desktop,Basic,2.8,1658.05,0
41,Female,41819.0,15,2,48,8,0,No,Mobile,Basic,4.9,6742.65,0
26,Female,107051.0,28,18,20,3,6,Yes,Desktop,Basic,2.4,7563.98,0
20,Male,47994.0,23,7,39,14,4,No,Mobile,Gold,2.8,1192.9,1
48,Male,,12,12,60,8,4,Yes,Tablet,Basic,1.5,4731.24,1
57,Female,110665.0,26,2,2,11,0,No,Desktop,Premium,1.2,801.63,0
54,Male,146717.0,4,20,1,6,8,No,Tablet,Basic,4.1,6022.01,1
53,Female,96835.0,26,18,51,2,0,No,Desktop,Basic,3.3,2717.6,0
41,Male,137232.0,8,6,60,6,4,Yes,Mobile,Basic,4.0,5323.48,0
48,Male,58732.0,9,10,36,13,9,No,Tablet,Premium,1.6,5222.86,1
23,Male,61305.0,23,20,24,0,8,Yes,Tablet,Basic,3.3,9251.11,1
19,Male,24346.0,5,15,54,2,3,No,Desktop,Premium,2.0,5535.92,0
37,Female,15587.0,24,5,27,5,7,No,Tablet,Basic,1.9,5871.68,0
45,Male,27763.0,20,20,2,3,5,No,Mobile,Basic,1.0,4076.37,0
28,Male,84615.0,18,3,31,6,10,No,Tablet,Basic,1.5,9495.89,0
21,Female,135987.0,11,5,57,13,2,No,Tablet,Basic,2.2,7794.14,1
32,Male,106353.0,15,8,14,2,3,No,Desktop,Basic,1.5,2925.51,0
23,Male,110648.0,28,8,2,0,1,Yes,Tablet,Basic,4.9,8457.67,1
47,Female,40556.0,22,8,29,8,0,Yes,Desktop,Premium,2.2,4380.72,0
55,Male,74042.0,9,12,15,15,7,Yes,Desktop,Premium,1.5,8303.8,0
19,Female,,17,8,12,14,0,No,Tablet,Basic,1.8,8246.59,0
32,Female,124089.0,27,11,37,5,10,Yes,Mobile,Basic,3.4,1969.81,1
28,Female,48866.0,26,14,28,7,0,No,Desktop,Basic,1.3,7041.3,0
25,Female,120400.0,12,8,20,2,3,Yes,Tablet,Basic,4.4,2977.37,1
43,Male,99246.0,7,10,39,7,9,Yes,Desktop,Basic,4.8,3045.18,1
22,Female,91975.0,10,7,24,1,9,No,Mobile,Gold,2.0,3033.85,1
23,Male,96557.0,25,17,21,11,5,No,Mobile,Basic,2.8,7283.13,1
43,Male,87516.0,26,4,10,15,8,Yes,Desktop,Basic,1.1,2375.28,1
21,Male,47602.0,25,13,46,3,0,Yes,Mobile,Basic,3.6,108.97,0
36,Male,144295.0,10,4,14,2,6,Yes,Tablet,Basic,2.7,7180.84,0
37,Male,102969.0,27,5,37,9,9,Yes,Tablet,Premium,2.1,1794.73,1
50,Male,147161.0,13,4,18,0,10,No,Desktop,Basic,1.8,1134.38,1
37,Male,15155.0,19,18,24,14,4,Yes,Mobile,Basic,3.6,2451.41,0
29,Male,138950.0,11,6,14,12,7,No,Tablet,Premium,2.7,3861.02,1
18,Male,82494.0,13,2,34,12,6,No,Tablet,Basic,1.7,4811.47,0
43,Male,91229.0,21,11,58,6,3,Yes,Tablet,Premium,3.8,541.24,1
31,Female,119648.0,8,14,12,10,3,No,Desktop,Premium,3.3,9708.68,1
55,Female,53547.0,8,5,22,9,5,Yes,Desktop,Basic,4.4,7189.02,0
54,Female,43795.0,4,6,56,1,5,No,Tablet,Premium,1.5,3299.62,0
28,Male,36447.0,15,10,6,3,8,No,Tablet,Basic,4.1,3255.1,0
53,Female,102960.0,28,8,36,8,4,Yes,Mobile,Premium,3.7,4540.57,1
30,Female,78278.0,11,14,45,5,7,No,Mobile,Basic,1.5,6299.82,0
60,Female,70077.0,11,3,36,7,4,No,Mobile,Basic,3.8,1549.09,1
20,Male,127782.0,1,12,22,1,1,Yes,Desktop,Premium,2.8,1970.41,0
50,Male,117932.0,17,16,14,6,5,No,Tablet,Gold,4.8,8608.4,1
23,Male,124869.0,15,17,16,5,8,No,Desktop,Gold,1.6,2636.92,0
27,Male,63781.0,20,1,36,12,2,Yes,Tablet,Premium,3.6,3863.93,1
22,Female,68798.0,6,10,56,13,0,Yes,Mobile,Basic,2.5,8725.59,1
40,Female,113696.0,24,10,25,8,0,No,Mobile,Basic,4.8,6665.16,0
27,Female,65939.0,22,2,32,6,2,No,Mobile,Basic,2.3,3482.95,0
19,Female,44516.0,28,9,33,0,9,No,Mobile,Basic,4.8,6868.63,1
30,Male,65290.0,25,13,45,13,4,Yes,Tablet,Basic,4.6,294.86,1
57,Male,141688.0,15,16,36,7,2,No,Mobile,Gold,2.1,7382.86,0
19,Male,101661.0,9,18,20,10,8,No,Tablet,Basic,4.2,4921.46,1
37,Female,87954.0,14,19,18,9,7,No,Tablet,Basic,5.0,8150.5,1
18,Male,37746.0,18,12,38,14,2,No,Desktop,Basic,2.0,9550.91,0
54,Male,,26,8,3,2,8,No,Mobile,Gold,2.7,9265.31,1
26,Female,73810.0,17,17,23,13,5,No,Mobile,Premium,,9101.72,1
34,Female,133362.0,18,15,32,1,6,Yes,Desktop,Premium,2.2,5170.48,1
26,Male,148669.0,5,10,45,11,3,Yes,Tablet,Basic,1.1,3665.41,0
28,Male,17659.0,20,15,59,2,3,No,Mobile,Gold,1.9,4703.85,1
32,Male,101516.0,20,15,16,10,1,No,Tablet,Basic,2.1,6929.97,0
41,Male,89567.0,9,7,59,5,4,Yes,Desktop,Gold,2.8,8851.58,0
55,Male,30037.0,11,13,5,12,7,Yes,Tablet,Premium,1.7,2149.16,1
52,Male,141498.0,24,17,4,13,6,Yes,Mobile,Basic,4.5,9190.11,1
47,Female,27109.0,22,9,21,2,6,No,Tablet,Basic,3.8,8170.28,0
48,Female,37010.0,1,8,40,9,5,No,Tablet,Premium,1.3,9790.67,0
22,Female,23787.0,18,20,51,15,2,No,Mobile,Basic,3.6,8814.49,1
31,Male,76709.0,6,18,14,4,4,No,Mobile,Gold,3.6,2871.38,0
28,Female,49518.0,27,13,39,5,0,Yes,Tablet,Basic,4.8,1148.96,0
26,Male,68909.0,2,16,31,7,6,Yes,Tablet,Basic,1.0,1211.19,1
51,Male,33351.0,15,9,14,6,8,Yes,Desktop,Basic,2.0,2983.11,0
29,Female,30282.0,29,12,6,13,0,Yes,Mobile,Basic,4.7,6180.42,0
52,Male,20075.0,26,12,12,10,1,No,Tablet,Basic,4.7,8062.77,1
52,Male,43365.0,21,6,16,7,2,No,Mobile,Basic,3.9,9002.58,0
18,Female,26002.0,14,19,17,2,2,Yes,Desktop,Premium,4.1,6275.16,0
57,Female,28947.0,5,7,45,3,7,Yes,Tablet,Basic,1.4,155.75,0
39,Female,109840.0,6,3,23,15,6,Yes,Tablet,Gold,3.1,1944.54,1
46,Male,131219.0,6,16,14,15,5,Yes,Tablet,Premium,1.9,1087.29,1
25,Female,93610.0,30,18,7,5,9,Yes,Mobile,Gold,1.7,3696.91,1
28,Female,67142.0,22,16,46,10,9,No,Desktop,Basic,4.2,5063.37,0
58,Male,71307.0,30,7,32,6,10,No,Mobile,Basic,1.5,529.63,1
54,Female,65085.0,18,4,15,8,3,Yes,Tablet,Basic,2.9,3549.93,1
31,Female,49228.0,14,8,44,12,8,Yes,Desktop,Premium,4.8,1873.88,1
47,Female,58472.0,10,13,17,0,0,Yes,Tablet,Gold,1.7,6505.99,0
52,Male,64437.0,14,13,41,12,10,No,Tablet,Basic,4.9,4696.3,1
38,Male,74711.0,13,17,54,14,1,No,Mobile,Basic,5.0,5003.64,1
54,Male,92175.0,30,17,47,7,3,No,Tablet,Gold,3.2,4334.15,1
22,Male,79307.0,3,5,44,7,2,Yes,Desktop,Basic,1.7,9564.6,0
36,Female,61733.0,30,6,34,5,0,No,Tablet,Premium,2.3,2225.88,0
31,Male,143202.0,6,19,5,3,4,Yes,Tablet,Premium,2.7,5214.98,0
43,Male,110028.0,29,13,45,2,6,No,Mobile,Gold,2.2,7386.57,1
21,Female,107493.0,8,14,27,10,1,No,Desktop,Basic,2.1,5612.76,1
42,Female,140149.0,12,4,52,2,4,No,Mobile,Basic,4.9,9297.31,1
59,Female,23259.0,13,7,23,5,5,Yes,Tablet,Premium,1.6,3841.89,0
42,Male,143775.0,11,8,40,12,10,Yes,Mobile,Gold,3.9,4690.39,1
35,Male,29849.0,12,13,59,7,6,No,Mobile,Basic,1.0,976.37,0
57,Male,96768.0,1,6,14,6,0,Yes,Mobile,Basic,3.4,6129.09,0
25,Female,121108.0,17,6,15,10,6,Yes,Mobile,Premium,4.7,2953.3,1
56,Female,104709.0,16,3,43,0,3,Yes,Tablet,Gold,2.2,1687.06,0
57,Male,69869.0,11,3,33,10,7,Yes,Tablet,Gold,1.7,5490.86,0
31,Female,141888.0,13,13,53,15,3,Yes,Desktop,Gold,3.6,5369.87,1
49,Female,78095.0,18,2,31,5,5,Yes,Mobile,Basic,3.9,851.13,0
55,Female,132886.0,11,16,35,6,8,Yes,Mobile,Basic,3.8,7012.33,1
50,Male,85910.0,28,6,17,11,4,No,Desktop,Premium,2.3,6275.34,0
40,Female,38567.0,12,8,28,6,3,Yes,Mobile,Gold,,1971.27,0
32,Female,50292.0,6,8,19,8,7,Yes,Desktop,Basic,4.8,4747.41,0
50,Male,89813.0,9,6,46,10,8,No,Tablet,Basic,4.7,7231.2,1
42,Male,112136.0,16,14,54,10,3,No,Desktop,Premium,2.8,5341.41,1
34,Female,66631.0,4,3,23,9,2,No,Mobile,Basic,4.4,4015.34,1
50,Female,24885.0,3,10,32,4,7,No,Desktop,Basic,,3291.15,1
19,Male,81314.0,28,3,40,0,4,Yes,Tablet,Premium,2.7,6142.9,0
31,Male,80087.0,16,12,13,1,1,No,Mobile,Premium,1.6,9397.18,0
57,Female,110998.0,24,17,59,14,9,No,Tablet,Premium,2.7,6750.27,1
57,Female,64812.0,27,5,20,3,8,Yes,Tablet,Basic,3.1,839.98,1
56,Female,73643.0,26,20,35,4,2,Yes,Desktop,Premium,1.1,4660.78,1
23,Female,59900.0,30,9,5,8,1,Yes,Tablet,Premium,2.8,8919.16,0
23,Male,31288.0,25,20,9,10,0,No,Mobile,Premium,4.1,1035.18,0
20,Female,87692.0,12,7,29,14,7,Yes,Tablet,Premium,3.7,9889.87,1
24,Female,100436.0,11,4,6,0,10,No,Tablet,Basic,3.5,9495.79,0
25,Male,61403.0,5,13,25,2,2,Yes,Desktop,Basic,4.6,874.92,0
59,Female,106170.0,25,13,31,15,6,Yes,Tablet,Basic,1.1,9340.79,1
32,Male,24168.0,18,10,22,4,0,No,Desktop,Basic,3.2,3695.01,0
46,Female,64879.0,19,18,2,15,0,Yes,Desktop,Premium,4.1,8462.62,0
50,Female,74871.0,23,17,45,15,8,Yes,Mobile,Gold,3.2,4242.0,1
47,Male,47174.0,23,20,5,2,7,Yes,Mobile,Premium,2.3,4464.47,0
56,Male,125155.0,6,20,60,3,2,Yes,Mobile,Premium,1.5,6379.01,0
44,Female,86853.0,22,13,27,14,5,Yes,Mobile,Basic,4.6,7767.33,1
53,Female,79046.0,18,17,25,13,10,No,Desktop,Basic,2.9,434.51,1
46,Female,64678.0,26,4,8,2,2,No,Tablet,Basic,4.5,5972.24,0
55,Male,41649.0,6,1,55,3,3,Yes,Mobile,Basic,,1948.66,0
50,Female,142795.0,4,1,1,13,0,No,Mobile,Basic,3.7,3524.9,0
54,Male,103668.0,12,15,20,14,4,No,Mobile,Premium,4.2,3544.89,1
44,Male,104906.0,19,13,44,15,0,No,Tablet,Gold,3.6,4743.7,1
50,Female,111019.0,29,17,23,12,0,Yes,Mobile,Basic,2.6,3407.95,1
21,Male,93002.0,27,8,32,12,9,Yes,Tablet,Basic,3.1,1162.88,1
39,Female,43803.0,29,18,11,14,10,Yes,Desktop,Premium,4.2,1541.72,1
19,Female,45795.0,2,13,39,14,10,No,Desktop,Basic,2.5,431.04,1
27,Female,23770.0,17,14,47,0,6,No,Desktop,Gold,2.6,4755.47,0
